Competition,Team 1,Team 2,Result,Round,Year,Date
Copa do Brasil,Remo / PA,Flamengo / RJ,0 x 1,1,2013
Copa do Brasil,Ceilândia / DF,Ceará / CE,0 x 0,1,2013
Copa do Brasil,Guarani de Juazeiro / CE,Santa Cruz / PE,1 x 2,1,2013
Copa do Brasil,Cametá / PA,Atlético / GO,0 x 7,1,2013
Copa do Brasil,Veranopolis / RS,Santo André / SP,1 x 0,1,2013
Copa do Brasil,Vitória da Conquista / BA,Sport / PE,0 x 1,1,2013
Copa do Brasil,Nacional / AM,Águia de Marabá / PA,2 x 0,2,2013
Copa do Brasil,Noroeste / SP,Criciúma / SC,0 x 0,2,2013
Copa do Brasil,Águia Negra / MS,Bragantino / SP,0 x 2,2,2013
Copa do Brasil,Resende / RJ,Caxias / RS,2 x 1,2,2013
Copa do Brasil,Cianorte / PR,Grêmio Barueri / SP,2 x 1,2,2013
Copa do Brasil,Brasil / RS,Athlético / PR,0 x 1,2,2013
Copa do Brasil,Bangu / RJ,Ipatinga / MG,1 x 2,2,2013
Copa do Brasil,Sousa / PB,Coritiba / PR,0 x 3,2,2013
Copa do Brasil,Itabaiana / SE,Ponte Preta / SP,0 x 3,2,2013
Copa do Brasil,Campinense / PB,Sampaio Correa / MA,0 x 1,2,2013
Copa do Brasil,Volta Redonda / RJ,Avaí / SC,1 x 0,3,2013
Copa do Brasil,Gurupi / TO,América / MG,2 x 3,3,2013
Copa do Brasil,Salgueiro / PE,Boa / MG,2 x 0,3,2013
Copa do Brasil,Fast Clube / AM,Crb / AL,1 x 1,3,2013
Copa do Brasil,Arapongas Esporte Clube / PR,São Caetano / SP,1 x 0,3,2013
Copa do Brasil,paraná / RO,América / RN,0 x 1,3,2013
Copa do Brasil,Naviraiense / MS,Portuguesa / SP,0 x 0,3,2013
Copa do Brasil,São Raimundo / RR,Paysandu / PA,0 x 2,3,2013
Copa do Brasil,Flamengo / PI,Santos / SP,2 x 2,4,2013
Copa do Brasil,Aracruz / ES,Joinville / SC,1 x 1,4,2013
Copa do Brasil,Tupi / MG,Luverdense / MT,1 x 0,4,2013
Copa do Brasil,Luziânia / DF,Fortaleza / CE,0 x 0,4,2013
Copa do Brasil,Confiança / SE,Guarani / SP,1 x 0,4,2013
Copa do Brasil,Sao Bernardo / SP,Paraná / PR,1 x 1,4,2013
Copa do Brasil,Maranhão / MA,Bahia / BA,0 x 2,4,2013
Copa do Brasil,Santa Cruz / RN,Asa / AL,0 x 0,4,2013
Copa do Brasil,Desportiva / ES,Figueirense / SC,1 x 4,5,2013
Copa do Brasil,Ceará / CE,Ceilândia / DF,4 x 3,5,2013
Copa do Brasil,Santa Cruz / PE,Guarani / CE,2 x 0,5,2013
Copa do Brasil,Flamengo / RJ,Remo / PA,3 x 0,5,2013
Copa do Brasil,Sampaio Correa / MA,Campinense / PB,6 x 7,5,2013
Copa do Brasil,Ipatinga / MG,Bangu / RJ,1 x 0,5,2013
Copa do Brasil,Guarani / SP,Confiança / SE,1 x 0,6,2013
Copa do Brasil,Fortaleza / CE,Luziânia / DF,0 x 0,6,2013
Copa do Brasil,Náutico / PE,Crac / GO,1 x 1,6,2013
Copa do Brasil,Asa / AL,Santa Cruz / RN,2 x 1,6,2013
Copa do Brasil,Avaí / SC,Volta Redonda / RJ,4 x 1,6,2013
Copa do Brasil,Paraná / PR,Sao Bernardo / SP,2 x 3,6,2013
Copa do Brasil,Crb / AL,Fast Clube / AM,2 x 1,7,2013
Copa do Brasil,América / MG,Gurupi / TO,0 x 0,7,2013
Copa do Brasil,Santo André / SP,Veranopolis / RS,2 x 0,7,2013
Copa do Brasil,Sport / PE,Vitória da Conquista / BA,2 x 0,7,2013
Copa do Brasil,Vitória / BA,Mixto / MT,5 x 1,7,2013
Copa do Brasil,Boa / MG,Salgueiro / PE,2 x 2,7,2013
Copa do Brasil,Criciúma / SC,Noroeste / SP,3 x 0,8,2013
Copa do Brasil,São Caetano / SP,Arapongas Esporte Clube / PR,1 x 0,8,2013
Copa do Brasil,Caxias / RS,Resende / RJ,0 x 0,8,2013
Copa do Brasil,Grêmio Barueri / SP,Cianorte / PR,0 x 3,8,2013
Copa do Brasil,Athlético / PR,Brasil / RS,2 x 0,8,2013
Copa do Brasil,América de Natal / RN,paraná / RO,1 x 0,8,2013
Copa do Brasil,Portuguesa / SP,Naviraiense / MS,1 x 1,8,2013
Copa do Brasil,Santos / SP,Flamengo / PI,2 x 0,8,2013
Copa do Brasil,Joinville / SC,Aracruz / ES,1 x 0,9,2013
Copa do Brasil,Campinense / PB,Flamengo / RJ,1 x 2,9,2013
Copa do Brasil,Asa / AL,Ceará / CE,3 x 0,9,2013
Copa do Brasil,Santa Cruz / PE,Internacional / RS,0 x 0,9,2013
Copa do Brasil,América / MG,AVAÍ / SC,0 x 1,9,2013,07/05/2013
Copa do Brasil,Santo André / SP,Goiás / GO,2 x 3,9,2013
Copa do Brasil, X Sport / PE,Sport / PE,2 x 0,9,2013,08/05/2013
Copa do Brasil,Salgueiro / PE,Vitória / BA,0 x 0,9,2013,15/05/2013
Copa do Brasil,Sao Bernardo / SP,Criciúma / SC,1 x 1,9,2013,07/05/2013
Copa do Brasil,Nacional / AM,Coritiba / PR,4 x 1,10,2013,15/05/2013
Copa do Brasil,Bragantino / SP,Ponte Preta / SP,1 x 3,10,2013,09/05/2013
Copa do Brasil,Crb / AL,Botafogo / RJ,0 x 0,10,2013
Copa do Brasil,Arapongas / PR,Figueirense / SC,0 x 0,10,2013,08/05/2013
Copa do Brasil,Resende / RJ,Cruzeiro / MG,1 x 2,10,2013
Copa do Brasil,Cianorte / PR,Atlético / GO,1 x 3,10,2013
Copa do Brasil,América / RN,Athlético / PR,2 x 6,10,2013,09/05/2013
Copa do Brasil,Naviraiense / MS,Paysandu / PA,0 x 1,10,2013,08/05/2013
Copa do Brasil,Joinville / SC,Santos / SP,0 x 1,10,2013,08/05/2013
Copa do Brasil,Crac / GO,Ipatinga / MG,3 x 2,10,2013
Copa do Brasil,Luverdense / MT,Bahia / BA,2 x 0,11,2013,08/05/2013
Copa do Brasil,Confiança / SE,Fortaleza / CE,1 x 1,11,2013
Copa do Brasil,Flamengo / RJ,Campinense / PB,2 x 1,11,2013
Copa do Brasil,Internacional / RS,Santa Cruz / PE,2 x 0,11,2013
Copa do Brasil,Avaí / SC,América / MG,0 x 3,11,2013,16/05/2013
Copa do Brasil,Goiás / GO,Santo André / SP,1 x 0,11,2013,15/05/2013
Copa do Brasil,Vitória / BA,Salgueiro / PE,1 x 1,11,2013
Copa do Brasil,Criciúma / SC,Sao Bernardo / SP,3 x 1,11,2013,15/05/2013
Copa do Brasil,Coritiba / PR,Nacional / AM,1 x 0,12,2013,23/05/2013
Copa do Brasil,Figueirense / SC,Arapongas / PR,3 x 1,12,2013,22/05/2013
Copa do Brasil,Cruzeiro / MG,Resende / RJ,4 x 0,12,2013,22/05/2013
Copa do Brasil,Paysandu / PA,Naviraiense / MS,0 x 2,12,2013,15/05/2013
Copa do Brasil,Santos / SP,Joinville / SC,0 x 0,12,2013,22/05/2013
Copa do Brasil,Bahia / BA,Luverdense / MT,1 x 0,13,2013,15/05/2013
Copa do Brasil,Fortaleza / CE,Confiança / SE,4 x 0,13,2013,23/05/2013
Copa do Brasil,Internacional / RS,América / MG,3 x 1,13,2013
Copa do Brasil,Salgueiro / PE,Criciúma / SC,0 x 0,13,2013
Copa do Brasil,Ponte Preta / SP,Nacional / AM,0 x 1,13,2013,10/07/2013
Copa do Brasil,Botafogo / RJ,Figueirense / SC,1 x 0,13,2013,03/07/2013
Copa do Brasil,Cruzeiro / MG,Atlético / GO,5 x 0,13,2013
Copa do Brasil,Paysandu / PA,Athlético / PR,0 x 0,13,2013,18/07/2013
Copa do Brasil,Fortaleza / CE,Luverdense / MT,0 x 0,14,2013
Copa do Brasil,América / MG,Internacional / RS,1 x 1,14,2013,17/07/2013
Copa do Brasil,Criciúma / SC,Salgueiro / PE,1 x 1,14,2013,17/07/2013
Copa do Brasil,Nacional / AM,Ponte Preta / SP,1 x 0,14,2013
Copa do Brasil,Figueirense / SC,Botafogo / RJ,5 x 4,14,2013,24/07/2013
Copa do Brasil,Atlético / GO,Cruzeiro / MG,0 x 1,14,2013,17/07/2013
Copa do Brasil,Athlético / PR,Paysandu / PA,2 x 1,14,2013,24/07/2013
Copa do Brasil, X Santos / SP,Santos / SP,0 x 2,15,2013,24/07/2013
Copa do Brasil,Luverdense / MT,Fortaleza / CE,2 x 1,15,2013,18/07/2013
Copa do Brasil,Luverdense / MT,Corinthians / SP,1 x 0,15,2013,21/08/2013
Copa do Brasil,Santos / SP,Grêmio / RS,1 x 0,15,2013,21/08/2013
Copa do Brasil,Internacional / RS,Salgueiro / PE,3 x 0,15,2013,22/08/2013
Copa do Brasil,Palmeiras / SP,Athlético / PR,1 x 0,15,2013,21/08/2013
Copa do Brasil,Fluminense / RJ,Goiás / GO,1 x 0,15,2013,21/08/2013
Copa do Brasil,Nacional / AM,Vasco da Gama / RJ,0 x 2,15,2013,20/08/2013
Copa do Brasil,Botafogo / RJ,Atlético / MG,4 x 2,15,2013,22/08/2013
Copa do Brasil,Cruzeiro / MG,Flamengo / RJ,2 x 1,15,2013,21/08/2013
Copa do Brasil,Corinthians / SP,Luverdense / MT,2 x 0,16,2013,28/08/2013
Copa do Brasil,Grêmio / RS,Santos / SP,2 x 0,16,2013,28/08/2013
Copa do Brasil,Salgueiro / PE,Internacional / RS,2 x 2,16,2013,29/08/2013
Copa do Brasil,Athlético / PR,Palmeiras / SP,3 x 0,16,2013,28/08/2013
Copa do Brasil,Goiás / GO,Fluminense / RJ,2 x 0,16,2013,28/08/2013
Copa do Brasil,Vasco da Gama / RJ,Nacional / AM,2 x 1,16,2013,29/08/2013
Copa do Brasil,Atlético / MG,Botafogo / RJ,2 x 2,16,2013,28/08/2013
Copa do Brasil,Flamengo / RJ,Cruzeiro / MG,1 x 0,16,2013,28/08/2013
Copa do Brasil,Corinthians / SP,Grêmio / RS,0 x 0,16,2013
Copa do Brasil,Internacional / RS,Athlético / PR,1 x 1,16,2013,26/09/2013
Copa do Brasil,Goiás / GO,Vasco da Gama / RJ,2 x 1,17,2013,25/09/2013
Copa do Brasil,Botafogo / RJ,Flamengo / RJ,1 x 1,17,2013,25/09/2013
Copa do Brasil,Grêmio / RS,Corinthians / SP,3 x 2,17,2013
Copa do Brasil,Athlético / PR,Internacional / RS,0 x 0,17,2013
Copa do Brasil,Vasco da Gama / RJ,Goiás / GO,3 x 2,17,2013
Copa do Brasil,Flamengo / RJ,Botafogo / RJ,4 x 0,17,2013
Copa do Brasil,Athlético / PR,Grêmio / RS,1 x 0,17,2013
Copa do Brasil,Goiás / GO,Flamengo / RJ,1 x 2,17,2013
Copa do Brasil,Grêmio / RS,Athlético / PR,0 x 0,17,2013
Copa do Brasil,Flamengo / RJ,Goiás / GO,2 x 1,17,2013
Copa do Brasil,Athlético / PR,Flamengo / RJ,1 x 1,18,2013,20/11/2013
Copa do Brasil,Flamengo / RJ,Athlético / PR,2 x 0,18,2013,27/11/2013
Copa do Brasil,Real Noroeste Capixaba / ES,Rio Branco / AC,1 x 1,1,2014
Copa do Brasil,Rio Branco / AC,Real Noroeste Capixaba / ES,1 x 0,1,2014
Copa do Brasil,Resende / RJ,Vasco da Gama / RJ,0 x 0,1,2014
Copa do Brasil,Tombense / MG,Treze / PB,1 x 1,1,2014
Copa do Brasil,Nautico / RR,Ponte Preta / SP,1 x 4,1,2014
Copa do Brasil,Sao Bernardo / SP,Paraná / PR,1 x 1,1,2014
Copa do Brasil, Malucelli / PR,Vitória / BA,1 x 1,1,2014
Copa do Brasil,Novo Hamburgo / RS,Joinville / SC,1 x 0,1,2014
Copa do Brasil,Flamengo / PI,Atlético / GO,0 x 1,1,2014
Copa do Brasil,Desportiva / ES,Abc / RN,1 x 0,1,2014
Copa do Brasil,Mixto / MT,Santos / SP,0 x 0,2,2014
Copa do Brasil,Princesa do Solimões / AM,Brasiliense / DF,3 x 1,2,2014
Copa do Brasil,Londrina / PR,Criciúma / SC,2 x 0,2,2014
Copa do Brasil,Goianesia / GO,Grêmio Barueri / SP,2 x 2,2,2014
Copa do Brasil,Vilhena / RO,Palmeiras / SP,0 x 1,2,2014
Copa do Brasil,Interporto / TO,Sampaio Correa / MA,2 x 2,2,2014
Copa do Brasil,Naviraiense / MS,Avaí / SC,1 x 4,2,2014
Copa do Brasil,Horizonte / CE,Fluminense / RJ,3 x 1,2,2014
Copa do Brasil,Juazeiro / BA,Tupi / MG,0 x 2,2,2014
Copa do Brasil,Sergipe / SE,Náutico / PE,1 x 0,3,2014
Copa do Brasil,Boavista / RJ,América / RN,1 x 2,3,2014
Copa do Brasil,Bahia de Feira / BA,Corinthians / SP,0 x 2,3,2014
Copa do Brasil,Sao Luiz / RS,Nacional / AM,2 x 2,3,2014
Copa do Brasil,Villa Nova / MG,Bahia / BA,1 x 1,3,2014
Copa do Brasil,Santos / AP,América / MG,0 x 3,3,2014
Copa do Brasil,Botafogo / PB,Goiás / GO,2 x 0,3,2014
Copa do Brasil,Lagarto / SE,Santa Cruz / PE,0 x 1,3,2014
Copa do Brasil,Potiguar / RN,Portuguesa / SP,1 x 0,3,2014
Copa do Brasil,Santa Rita / AL,Guarani / SP,0 x 0,3,2014
Copa do Brasil,São Paulo / SP, ALSão Paulo / SP,0 x 1,4,2014
Copa do Brasil,Plácido de Castro / AC,Figueirense / SC,0 x 0,4,2014
Copa do Brasil,Lajeadense / RS,Bragantino / SP,0 x 0,4,2014
Copa do Brasil,Cene / MS,Coritiba / PR,2 x 2,4,2014
Copa do Brasil,Caldense / MG,Duque de Caxias / RJ,2 x 0,4,2014
Copa do Brasil,Brasília / DF,Sport / PE,1 x 3,4,2014
Copa do Brasil,Maranhão / MA,Paysandu / PA,2 x 2,4,2014
Copa do Brasil,Remo / PA,Internacional / RS,1 x 6,4,2014
Copa do Brasil,Barbalha / CE,Cuiabá / MT,0 x 0,4,2014
Copa do Brasil,Parnahyba / PI,Ceará / CE,0 x 1,5,2014
Copa do Brasil,Rio Branco / AC,Chapecoense / SC,0 x 2,5,2014
Copa do Brasil,Vasco da Gama / RJ,Resende / RJ,1 x 0,5,2014
Copa do Brasil,Treze / PB,Tombense / MG,2 x 1,5,2014
Copa do Brasil,Paraná / PR,Sao Bernardo / SP,3 x 1,5,2014
Copa do Brasil,Vitória / BA, Malucelli / PR,3 x 5,5,2014
Copa do Brasil,Joinville / SC,Novo Hamburgo / RS,2 x 2,5,2014
Copa do Brasil,Atlético / GO,Flamengo / PI,2 x 2,5,2014
Copa do Brasil,Abc / RN,Desportiva / ES,4 x 1,5,2014
Copa do Brasil,Santos / SP,Mixto / MT,3 x 0,6,2014
Copa do Brasil,Brasiliense / DF,Princesa do Solimões / AM,4 x 2,6,2014
Copa do Brasil,Criciúma / SC,Londrina / PR,2 x 1,6,2014
Copa do Brasil,Grêmio Barueri / SP,Goianesia / GO,0 x 0,6,2014
Copa do Brasil,Palmeiras / SP,Vilhena / RO,2 x 0,6,2014
Copa do Brasil,Sampaio Correa / MA,Interporto / TO,3 x 1,6,2014
Copa do Brasil,Fluminense / RJ,Horizonte / CE,5 x 0,6,2014
Copa do Brasil,Náutico / PE,Sergipe / SE,3 x 1,7,2014
Copa do Brasil,América / RN,Boavista / RJ,2 x 0,7,2014
Copa do Brasil,Nacional / AM,Sao Luiz / RS,2 x 1,7,2014
Copa do Brasil,Bahia / BA,Villa Nova / MG,2 x 0,7,2014
Copa do Brasil,Goiás / GO,Botafogo / PB,0 x 0,7,2014
Copa do Brasil,Santa Cruz / PE,Lagarto / SE,3 x 1,7,2014
Copa do Brasil,Portuguesa / SP,Potiguar / RN,2 x 1,7,2014
Copa do Brasil,Guarani / SP,Santa Rita / AL,1 x 2,7,2014
Copa do Brasil,Figueirense / SC,Plácido de Castro / AC,3 x 1,8,2014
Copa do Brasil,Bragantino / SP,Lajeadense / RS,1 x 0,8,2014
Copa do Brasil,Coritiba / PR,Cene / MS,2 x 0,8,2014
Copa do Brasil,Duque de Caxias / RJ,Caldense / MG,2 x 2,8,2014
Copa do Brasil,Paysandu / PA,Maranhão / MA,2 x 1,8,2014
Copa do Brasil,Cuiabá / MT,Barbalha / CE,2 x 0,8,2014
Copa do Brasil,Ceará / CE,Parnahyba / PI,4 x 1,9,2014
Copa do Brasil,Paraná / PR,Ponte Preta / SP,1 x 1,9,2014
Copa do Brasil,Treze / PB,Vasco da Gama / RJ,1 x 2,9,2014
Copa do Brasil,Tupi / MG,Fluminense / RJ,0 x 3,9,2014
Copa do Brasil,Ponte Preta / SP,Paraná / PR,8 x 7,9,2014
Copa do Brasil,Londrina / PR,Grêmio Barueri / SP,0 x 0,9,2014
Copa do Brasil,Sampaio Correa / MA,Palmeiras / SP,2 x 1,9,2014
Copa do Brasil,Abc / RN,Atlético / GO,1 x 1,10,2014
Copa do Brasil,América / RN,Náutico / PE,3 x 0,10,2014
Copa do Brasil,Nacional / AM,Corinthians / SP,0 x 3,10,2014
Copa do Brasil,América / MG,Bahia / BA,0 x 0,10,2014
Copa do Brasil,Ceará / CE,Chapecoense / SC,1 x 1,10,2014
Copa do Brasil,Santa Rita / AL,Potiguar / RN,2 x 0,10,2014
Copa do Brasil,Princesa do Solimões / AM,Santos / SP,1 x 2,10,2014
Copa do Brasil,Bragantino / SP,Figueirense / SC,2 x 1,10,2014
Copa do Brasil,Caldense / MG,Coritiba / PR,0 x 2,10,2014
Copa do Brasil,Cuiabá / MT,Internacional / RS,1 x 1,11,2014
Copa do Brasil,Grêmio Barueri / SP,Londrina / PR,3 x 3,11,2014
Copa do Brasil,Vasco da Gama / RJ,Treze / PB,1 x 1,11,2014
Copa do Brasil,Atlético / GO,Abc / RN,1 x 2,11,2014
Copa do Brasil,Bahia / BA,América / MG,2 x 1,11,2014
Copa do Brasil,Figueirense / SC,Bragantino / SP,3 x 4,11,2014
Copa do Brasil,Palmeiras / SP,Sampaio Correa / MA,3 x 0,11,2014
Copa do Brasil,Internacional / RS,Cuiabá / MT,4 x 1,11,2014
Copa do Brasil,Náutico / PE,América / RN,2 x 0,12,2014
Copa do Brasil,Santos / SP,Princesa do Solimões / AM,4 x 2,12,2014
Copa do Brasil,Sport / PE,Paysandu / PA,3 x 2,12,2014
Copa do Brasil,Potiguar / RN,Santa Rita / AL,2 x 5,12,2014
Copa do Brasil,Novo Hamburgo / RS, Malucelli / PR,1 x 0,12,2014
Copa do Brasil, Malucelli / PR,Novo Hamburgo / RS,0 x 2,12,2014
Copa do Brasil,Botafogo / PB,Santa Cruz / PE,1 x 1,12,2014
Copa do Brasil,Chapecoense / SC,Ceará / CE,1 x 2,12,2014
Copa do Brasil,Paysandu / PA,Sport / PE,2 x 1,13,2014
Copa do Brasil,Santa Cruz / PE,Botafogo / PB,2 x 1,13,2014
Copa do Brasil,Abc / RN,Novo Hamburgo / RS,1 x 0,13,2014
Copa do Brasil,Avaí / SC,Palmeiras / SP,0 x 2,13,2014
Copa do Brasil,Ponte Preta / SP,Vasco da Gama / RJ,0 x 2,13,2014
Copa do Brasil,Corinthians / SP,Bahia / BA,3 x 0,13,2014
Copa do Brasil,Novo Hamburgo / RS,Abc / RN,2 x 0,13,2014
Copa do Brasil,América / RN,Fluminense / RJ,0 x 3,13,2014
Copa do Brasil,Bragantino / SP,São Paulo / SP,1 x 2,13,2014
Copa do Brasil,Internacional / RS,Ceará / CE,1 x 2,13,2014
Copa do Brasil,Coritiba / PR,Paysandu / PA,2 x 0,14,2014
Copa do Brasil,Londrina / PR,Santos / SP,2 x 1,14,2014
Copa do Brasil,Palmeiras / SP,Avaí / SC,1 x 0,14,2014
Copa do Brasil,Vasco da Gama / RJ,Ponte Preta / SP,2 x 1,14,2014
Copa do Brasil,Bahia / BA,Corinthians / SP,1 x 0,14,2014
Copa do Brasil,Santa Rita / AL,Santa Cruz / PE,3 x 2,14,2014
Copa do Brasil,Paysandu / PA,Coritiba / PR,2 x 1,14,2014
Copa do Brasil,Santa Cruz / PE,Santa Rita / AL,1 x 1,14,2014
Copa do Brasil,Fluminense / RJ,América / RN,2 x 5,14,2014
Copa do Brasil,São Paulo / SP,Bragantino / SP,1 x 3,14,2014
Copa do Brasil,Ceará / CE,Internacional / RS,3 x 1,15,2014
Copa do Brasil,Santos / SP,Londrina / PR,2 x 0,15,2014
Copa do Brasil,Cruzeiro / MG,Santa Rita / AL,5 x 0,15,2014
Copa do Brasil,Vasco da Gama / RJ,Abc / RN,1 x 1,15,2014
Copa do Brasil,América / RN,Athlético / PR,3 x 0,15,2014
Copa do Brasil,Botafogo / RJ,Ceará / CE,1 x 2,15,2014
Copa do Brasil,Coritiba / PR,Flamengo / RJ,3 x 0,15,2014
Copa do Brasil,Palmeiras / SP,Atlético / MG,0 x 1,15,2014
Copa do Brasil,Bragantino / SP,Corinthians / SP,1 x 0,15,2014
Copa do Brasil,Grêmio / RS,Santos / SP,0 x 2,15,2014
Copa do Brasil,Santa Rita / AL,Cruzeiro / MG,1 x 2,16,2014
Copa do Brasil,Abc / RN,Vasco da Gama / RJ,2 x 1,16,2014
Copa do Brasil,Athlético / PR,América / RN,2 x 0,16,2014
Copa do Brasil,Ceará / CE,Botafogo / RJ,3 x 4,16,2014
Copa do Brasil,Flamengo / RJ,Coritiba / PR,3 x 2,16,2014
Copa do Brasil,Corinthians / SP,Bragantino / SP,3 x 1,16,2014
Copa do Brasil,Atlético / MG,Palmeiras / SP,2 x 0,16,2014
Copa do Brasil,Botafogo / RJ,Santos / SP,2 x 3,16,2014,01/10/2014
Copa do Brasil,Cruzeiro / MG,Abc / RN,1 x 0,16,2014,01/10/2014
Copa do Brasil,América / RN,Flamengo / RJ,0 x 1,17,2014,01/10/2014
Copa do Brasil,Corinthians / SP,Atlético / MG,2 x 0,17,2014,01/10/2014
Copa do Brasil,Abc / RN,Cruzeiro / MG,3 x 2,17,2014,15/10/2014
Copa do Brasil,Flamengo / RJ,América / RN,1 x 0,17,2014,15/10/2014
Copa do Brasil,Atlético / MG,Corinthians / SP,4 x 1,17,2014,15/10/2014
Copa do Brasil,Santos / SP,Botafogo / RJ,5 x 0,17,2014,16/10/2014
Copa do Brasil,Cruzeiro / MG,Santos / SP,1 x 0,17,2014,29/10/2014
Copa do Brasil,Flamengo / RJ,Atlético / MG,2 x 0,17,2014,29/10/2014
Copa do Brasil,Santos / SP,Cruzeiro / MG,3 x 3,17,2014,05/11/2014
Copa do Brasil,Atlético / MG,Flamengo / RJ,4 x 1,17,2014,05/11/2014
Copa do Brasil,Atlético / MG,Cruzeiro / MG,2 x 0,18,2014,12/11/2014
Copa do Brasil,Cruzeiro / MG,Atlético / MG,0 x 1,18,2014,26/11/2014
Copa do Brasil,Atlético / AC,Real Noroeste Capixaba / ES,0 x 1,1,2015
Copa do Brasil,Real Noroeste Capixaba / ES,Atlético / AC,3 x 2,1,2015
Copa do Brasil,Santo André / SP,Goiás / GO,0 x 1,1,2015
Copa do Brasil,Luziania / DF,América / MG,0 x 3,1,2015
Copa do Brasil,Estrela do Norte / ES,Sampaio Correa / MA,3 x 2,1,2015
Copa do Brasil,Moto Club / MA,Boa / MG,1 x 1,1,2015
Copa do Brasil,Alecrim / RN,Tupi / MG,0 x 2,1,2015
Copa do Brasil,Brasil / RS,Flamengo / RJ,1 x 2,1,2015
Copa do Brasil,Vilhena / RO,PONTE PRETA / SP,1 x 1,2,2015
Copa do Brasil,Maringá Futebol Clube / PR,Madureira / RJ,2 x 0,2,2015
Copa do Brasil,Independente Tucuruí / PA,Icasa / CE,5 x 0,2,2015
Copa do Brasil,Santos / AP,Portuguesa / SP,1 x 3,2,2015
Copa do Brasil,MURICI FUTEBOL CLUBE / AL,Cuiabá / MT,3 x 2,2,2015
Copa do Brasil,Vitória da Conquista / BA,Palmeiras / SP,1 x 4,2,2015
Copa do Brasil,Villa Nova / MG,CORITIBA / PR,0 x 3,2,2015
Copa do Brasil,Rio Branco / AC,Vasco da Gama / RJ,1 x 2,2,2015
Copa do Brasil,Capivariano / SP,Ser Caxias / RS,3 x 0,2,2015
Copa do Brasil,Cabofriense / RJ,Luverdense / MT,1 x 1,2,2015
Copa do Brasil,Boavista / RJ,Abc / RN,0 x 1,3,2015
Copa do Brasil,Londrina / PR,SANTOS / SP,0 x 1,3,2015
Copa do Brasil,Remo / PA,ATLETICO / PR,1 x 1,3,2015
Copa do Brasil,Lajeadense / RS,Bragantino / SP,2 x 1,3,2015
Copa do Brasil,Interporto / TO,Chapecoense / SC,2 x 5,3,2015
Copa do Brasil,Princesa do Solimões / AM,FIGUEIRENSE / SC,2 x 2,3,2015
Copa do Brasil,REAL NOROESTE / ES,CRICIÚMA / SC,1 x 4,3,2015
Copa do Brasil,ÁGUIA NEGRA / MS,Paysandu / PA,2 x 2,3,2015
Copa do Brasil,Cuiabá / MT,MURICI / AL,2 x 0,4,2015
Copa do Brasil,Luverdense / MT,Cabofriense / RJ,1 x 0,4,2015
Copa do Brasil,Flamengo / RJ,Brasil / RS,2 x 0,4,2015
Copa do Brasil,CAXIAS / RS,Capivariano / SP,0 x 0,4,2015
Copa do Brasil,Icasa / CE,INDEPENDENTE / PA,2 x 0,4,2015
Copa do Brasil,Abc / RN,Boavista / RJ,2 x 0,4,2015
Copa do Brasil,Anapolina / GO,Vitória / BA,1 x 2,4,2015
Copa do Brasil,Ituano / SP,Joinville / SC,3 x 0,4,2015
Copa do Brasil,Confiança / SE,Ceará / CE,0 x 0,5,2015
Copa do Brasil,PIAUÍ / PI,Salgueiro / PE,1 x 0,5,2015
Copa do Brasil,Jacuipense / BA,Paraná / PR,0 x 1,5,2015
Copa do Brasil,Coruripe / AL,Atlético / GO,1 x 1,5,2015
Copa do Brasil,Globo / RN,AMÉRICA / RN,1 x 5,5,2015
Copa do Brasil,Operário / MT,Avaí / SC,0 x 0,5,2015
Copa do Brasil,Cene / MS,Sport / PE,1 x 2,5,2015
Copa do Brasil,BOTAFOGO / PB,Botafogo / RJ,2 x 2,5,2015
Copa do Brasil,Campinense / PB,Grêmio / RS,1 x 2,5,2015
Copa do Brasil,FIGUEIRENSE / SC,Princesa do Solimões / AM,2 x 1,5,2015
Copa do Brasil,Goiás / GO,Santo André / SP,1 x 0,6,2015
Copa do Brasil,SAMPAIO CORREA / MA,Estrela do Norte / ES,4 x 1,6,2015
Copa do Brasil,Paysandu / PA,ÁGUIA NEGRA / MS,2 x 0,6,2015
Copa do Brasil,Brasília / DF,Náutico / PE,0 x 1,6,2015
Copa do Brasil,RÍVER / PI,FORTALEZA / CE,0 x 1,6,2015
Copa do Brasil,Nacional / AM,Bahia / BA,0 x 0,6,2015
Copa do Brasil,PONTE PRETA / SP,Vilhena / RO,3 x 0,6,2015
Copa do Brasil,CRB / AL,Amadense / SE,1 x 0,6,2015
Copa do Brasil,Athlético / PR,Remo / PA,5 x 4,7,2015
Copa do Brasil,Madureira / RJ,Maringá / PR,3 x 1,7,2015
Copa do Brasil,Vitória / BA,Anapolina / GO,1 x 1,7,2015
Copa do Brasil,Avaí / SC,Operário / MT,3 x 1,7,2015
Copa do Brasil,Náutico / PE,Brasília / DF,2 x 0,7,2015
Copa do Brasil,Paraná / PR,Jacuipense / BA,4 x 5,7,2015
Copa do Brasil,Joinville / SC,Ituano / SP,1 x 0,7,2015
Copa do Brasil,Ceará / CE,Confiança / SE,1 x 0,7,2015
Copa do Brasil,Boa / MG,Moto Club / MA,3 x 4,8,2015
Copa do Brasil,Atlético / GO,Coruripe / AL,2 x 0,8,2015
Copa do Brasil,Vasco da Gama / RJ,Rio Branco / AC,3 x 2,8,2015
Copa do Brasil,Grêmio / RS,Campinense / PB,2 x 0,8,2015
Copa do Brasil,Fortaleza / CE,Ríver / PI,2 x 1,8,2015
Copa do Brasil,Bragantino / SP,Lajeadense / RS,1 x 0,8,2015
Copa do Brasil,Botafogo / RJ,Botafogo / PB,4 x 2,8,2015
Copa do Brasil,Santos / SP,Londrina / PR,1 x 0,8,2015
Copa do Brasil,Sport / PE,Cene / MS,4 x 1,9,2015
Copa do Brasil,Bahia / BA,Nacional / AM,3 x 2,9,2015
Copa do Brasil,Salgueiro / PE,Flamengo / RJ,0 x 2,9,2015
Copa do Brasil,Ituano / SP,Portuguesa / SP,1 x 1,9,2015
Copa do Brasil,Bragantino / SP,Criciúma / SC,0 x 3,9,2015
Copa do Brasil,Portuguesa / SP,Ituano / SP,1 x 2,9,2015
Copa do Brasil,Tupi / MG,Athlético / PR,1 x 0,9,2015
Copa do Brasil,Sampaio Correa / MA,Palmeiras / SP,1 x 1,9,2015
Copa do Brasil,Capivariano / SP,Botafogo / RJ,1 x 2,9,2015
Copa do Brasil,Jacuipense / BA,Náutico / PE,0 x 2,9,2015
Copa do Brasil,Athlético / PR,Tupi / MG,2 x 1,10,2015
Copa do Brasil,Avaí / SC,Figueirense / SC,1 x 0,10,2015
Copa do Brasil,Fortaleza / CE,Coritiba / PR,2 x 1,10,2015
Copa do Brasil,Maringá / PR,Santos / SP,2 x 2,10,2015
Copa do Brasil,Chapecoense / SC,Sport / PE,2 x 0,10,2015
Copa do Brasil,América / MG,Ceará / CE,1 x 1,10,2015
Copa do Brasil,Botafogo / RJ,Capivariano / SP,3 x 0,10,2015
Copa do Brasil,Independente / PA,Goiás / GO,1 x 0,10,2015
Copa do Brasil,Moto Club / MA,Ponte Preta / SP,1 x 2,11,2015
Copa do Brasil,América / RN,Atlético / GO,4 x 2,11,2015
Copa do Brasil,Paysandu / PA,Abc / RN,1 x 0,11,2015
Copa do Brasil,Palmeiras / SP,Sampaio Correa / MA,5 x 1,11,2015
Copa do Brasil,Luverdense / MT,Bahia / BA,0 x 0,11,2015
Copa do Brasil,Asa / AL,Vitória / BA,1 x 1,11,2015
Copa do Brasil,Crb / AL,Grêmio / RS,1 x 3,11,2015
Copa do Brasil,Goiás / GO,Independente / PA,3 x 0,11,2015
Copa do Brasil,Cuiabá / MT,Vasco da Gama / RJ,1 x 1,11,2015
Copa do Brasil,Figueirense / SC,Avaí / SC,2 x 0,11,2015
Copa do Brasil,Sport / PE,Chapecoense / SC,4 x 2,12,2015
Copa do Brasil,Coritiba / PR,Fortaleza / CE,2 x 1,12,2015
Copa do Brasil,Ceará / CE,América / MG,3 x 0,12,2015
Copa do Brasil,Santos / SP,Maringá / PR,1 x 0,12,2015
Copa do Brasil,Ponte Preta / SP,Moto Club / MA,4 x 1,12,2015
Copa do Brasil,Vitória / BA,Asa / AL,2 x 2,12,2015
Copa do Brasil,Abc / RN,Paysandu / PA,1 x 2,12,2015
Copa do Brasil,Atlético / GO,América / RN,1 x 0,12,2015
Copa do Brasil,Vasco da Gama / RJ,Cuiabá / MT,0 x 0,13,2015
Copa do Brasil,Bahia / BA,Luverdense / MT,3 x 1,13,2015
Copa do Brasil,Ituano / SP,Goiás / GO,2 x 0,13,2015
Copa do Brasil,Figueirense / SC,Botafogo / RJ,2 x 2,13,2015
Copa do Brasil,Sport / PE,Santos / SP,2 x 1,13,2015
Copa do Brasil,Coritiba / PR,Ponte Preta / SP,2 x 1,13,2015
Copa do Brasil,Goiás / GO,Ituano / SP,3 x 1,13,2015
Copa do Brasil,Palmeiras / SP,Asa / AL,0 x 0,13,2015
Copa do Brasil,Flamengo / RJ,Náutico / PE,1 x 1,13,2015
Copa do Brasil,Vasco da Gama / RJ,América / RN,3 x 1,13,2015
Copa do Brasil,Ceará / CE,Tupi / MG,0 x 0,14,2015
Copa do Brasil,Grêmio / RS,Criciúma / SC,0 x 1,14,2015
Copa do Brasil,Paysandu / PA,Bahia / BA,3 x 0,14,2015
Copa do Brasil,Botafogo / RJ,Figueirense / SC,0 x 1,14,2015
Copa do Brasil,Santos / SP,Sport / PE,3 x 1,14,2015
Copa do Brasil,Asa / AL,Palmeiras / SP,0 x 1,14,2015
Copa do Brasil,Náutico / PE,Flamengo / RJ,0 x 2,14,2015
Copa do Brasil,Ponte Preta / SP,Coritiba / PR,2 x 1,14,2015
Copa do Brasil,América / RN,Vasco da Gama / RJ,2 x 3,14,2015
Copa do Brasil,Tupi / MG,Ceará / CE,1 x 2,14,2015
Copa do Brasil,Criciúma / SC,Grêmio / RS,3 x 4,15,2015
Copa do Brasil,Bahia / BA,Paysandu / PA,2 x 0,15,2015
Copa do Brasil,Coritiba / PR,Grêmio / RS,0 x 1,15,2015
Copa do Brasil,Atlético / MG,Figueirense / SC,1 x 1,15,2015
Copa do Brasil,Palmeiras / SP,Cruzeiro / MG,2 x 1,15,2015,19/08/2015
Copa do Brasil,Flamengo / RJ,Vasco da Gama / RJ,0 x 1,15,2015,19/08/2015
Copa do Brasil,Santos / SP,Corinthians / SP,2 x 0,15,2015
Copa do Brasil,Internacional / RS,Ituano / SP,2 x 0,15,2015
Copa do Brasil,Fluminense / RJ,Paysandu / PA,2 x 1,15,2015
Copa do Brasil,São Paulo / SP,Ceará / CE,1 x 2,15,2015
Copa do Brasil,Ceará / CE,São Paulo / SP,0 x 3,16,2015,26/08/2015
Copa do Brasil,Paysandu / PA,Fluminense / RJ,1 x 2,16,2015
Copa do Brasil,Figueirense / SC,Atlético / MG,2 x 1,16,2015
Copa do Brasil,Cruzeiro / MG,Palmeiras / SP,2 x 3,16,2015
Copa do Brasil,Vasco da Gama / RJ,Flamengo / RJ,1 x 1,16,2015,26/08/2015
Copa do Brasil,Corinthians / SP,Santos / SP,1 x 2,16,2015,26/08/2015
Copa do Brasil,Ituano / SP,Internacional / RS,1 x 2,16,2015,27/08/2015
Copa do Brasil,Grêmio / RS,Coritiba / PR,3 x 1,16,2015,27/08/2015
Copa do Brasil,Figueirense / SC,Santos / SP,0 x 1,16,2015,23/09/2015
Copa do Brasil,Internacional / RS,Palmeiras / SP,1 x 1,16,2015
Copa do Brasil,Fluminense / RJ,Grêmio / RS,0 x 0,17,2015,23/09/2015
Copa do Brasil,São Paulo / SP,Vasco da Gama / RJ,3 x 0,17,2015,23/09/2015
Copa do Brasil,Vasco da Gama / RJ,São Paulo / SP,1 x 1,17,2015,30/09/2015
Copa do Brasil,Palmeiras / SP,Internacional / RS,3 x 2,17,2015,30/09/2015
Copa do Brasil,Grêmio / RS,Fluminense / RJ,1 x 1,17,2015,30/09/2015
Copa do Brasil,Santos / SP,Figueirense / SC,3 x 2,17,2015,01/10/2015
Copa do Brasil,São Paulo / SP,Santos / SP,1 x 3,17,2015,21/10/2015
Copa do Brasil,Fluminense / RJ,Palmeiras / SP,2 x 1,17,2015,21/10/2015
Copa do Brasil,Santos / SP,São Paulo / SP,3 x 1,17,2015,28/10/2015
Copa do Brasil,Palmeiras / SP,Fluminense / RJ,4 x 1,17,2015,28/10/2015
Copa do Brasil,Santos / SP,Palmeiras / SP,1 x 0,18,2015,25/11/2015
Copa do Brasil,Palmeiras / SP,Santos / SP,4 x 3,18,2015,02/12/2015
Copa do Brasil,Goianesia / GO,Abc / RN,1 x 1,1,2016
Copa do Brasil,Linense / SP,Botafogo / PB,1 x 1,1,2016
Copa do Brasil,Parauapebas / PA,Londrina / PR,0 x 1,1,2016
Copa do Brasil,Rio Branco / ES,Santa Cruz / PE,0 x 1,1,2016
Copa do Brasil,Confiança / SE,Flamengo / RJ,1 x 0,1,2016
Copa do Brasil,Globo / RN,Bahia / BA,0 x 0,1,2016
Copa do Brasil,Vitória da Conquista / BA,Náutico / PE,0 x 0,1,2016
Copa do Brasil,Ferroviária / SP,Salgueiro / PE,1 x 0,1,2016
Copa do Brasil,Ypiranga / RS,Atlético / GO,2 x 2,1,2016
Copa do Brasil,Brasil / RS,Athlético / PR,1 x 1,1,2016
Copa do Brasil,Imperatriz / MA,Fortaleza / CE,1 x 1,2,2016
Copa do Brasil,Coruripe / AL,Botafogo / RJ,0 x 1,2,2016
Copa do Brasil,Resende / RJ,Ceará / CE,2 x 2,2,2016
Copa do Brasil,Internacional / SC,Sampaio Correa / MA,1 x 2,2,2016
Copa do Brasil,Tocantinópolis / TO,Juventude / RS,1 x 1,2,2016
Copa do Brasil,Estanciano / SE,Paraná / PR,1 x 1,2,2016
Copa do Brasil,Ivinhema / MS,Crb / AL,0 x 2,2,2016
Copa do Brasil,Princesa do Solimões / AM,Chapecoense / SC,1 x 2,2,2016
Copa do Brasil,Tombense / MG,Fluminense / RJ,0 x 3,2,2016
Copa do Brasil,Aparecidense / GO,Sport / PE,2 x 0,2,2016
Copa do Brasil,Abc / RN,Goianesia / GO,3 x 2,3,2016
Copa do Brasil,Santa Cruz / PE,Rio Branco / ES,0 x 0,3,2016
Copa do Brasil,Bahia / BA,Globo / RN,3 x 1,3,2016
Copa do Brasil,Salgueiro / PE,Ferroviária / SP,1 x 1,3,2016
Copa do Brasil,Ríver / PI,Goiás / GO,2 x 1,3,2016
Copa do Brasil,Red Bull Brasil / SP,América / MG,1 x 1,3,2016
Copa do Brasil,Caldense / MG,Ponte Preta / SP,1 x 2,3,2016
Copa do Brasil,Atlético / GO,Ypiranga / RS,0 x 2,3,2016
Copa do Brasil,Náutico / PE,Vitória da Conquista / BA,1 x 1,3,2016
Copa do Brasil,Londrina / PR,Parauapebas / PA,6 x 0,3,2016
Copa do Brasil,Operario / PR,Criciúma / SC,2 x 1,4,2016
Copa do Brasil,Parnahyba / PI,Portuguesa / SP,2 x 1,4,2016
Copa do Brasil,Juazeirense / BA,Cuiabá / MT,1 x 0,4,2016
Copa do Brasil,Nautico / RR,Vitória / BA,2 x 3,4,2016
Copa do Brasil,Campinense / PB,Cruzeiro / MG,0 x 0,4,2016
Copa do Brasil,Flamengo / RJ,Confiança / SE,3 x 0,4,2016
Copa do Brasil,Lajeadense / RS,Figueirense / SC,0 x 2,4,2016
Copa do Brasil,Guarany / CE,Coritiba / PR,0 x 3,4,2016
Copa do Brasil,Athlético / PR,Brasil / RS,1 x 0,4,2016
Copa do Brasil,Chapecoense / SC,Princesa do Solimões / AM,2 x 0,4,2016
Copa do Brasil,Ponte Preta / SP,Caldense / MG,1 x 1,5,2016
Copa do Brasil,Botafogo / PB,Linense / SP,6 x 5,5,2016
Copa do Brasil,Gama / DF,América / RN,1 x 0,5,2016
Copa do Brasil,Brasília / DF,Bragantino / SP,0 x 2,5,2016,19/04/2016
Copa do Brasil,Independente / PA,Paysandu / PA,1 x 2,5,2016
Copa do Brasil,Galvez / AC,Rio Branco / AC,1 x 0,5,2016
Copa do Brasil,Comercial / MS,Joinville / SC,1 x 1,5,2016
Copa do Brasil,Dom Bosco / MT,Nacional / AM,2 x 0,5,2016
Copa do Brasil,Genus / RO,Asa / AL,2 x 0,5,2016
Copa do Brasil,Remo / PA,Vasco da Gama / RJ,0 x 1,6,2016
Copa do Brasil,Goiás / GO,Ríver / PI,7 x 8,6,2016
Copa do Brasil,Sampaio Correa / MA,Internacional / SC,0 x 1,6,2016
Copa do Brasil,Cruzeiro / MG,Campinense / PB,3 x 2,6,2016
Copa do Brasil,Santos / AP,Santos / SP,1 x 1,6,2016
Copa do Brasil,Operário / MT,Avaí / SC,1 x 0,6,2016
Copa do Brasil,Paraná / PR,Estanciano / SE,2 x 0,6,2016
Copa do Brasil,Joinville / SC,Comercial / MS,1 x 0,6,2016
Copa do Brasil,Portuguesa / SP,Parnahyba / PI,1 x 0,7,2016
Copa do Brasil,Juventude / RS,Tocantinópolis / TO,2 x 0,7,2016
Copa do Brasil,América / MG,Red Bull Brasil / SP,3 x 2,7,2016
Copa do Brasil,América / RN,Gama / DF,3 x 2,7,2016
Copa do Brasil,Ceará / CE,Resende / RJ,1 x 1,7,2016
Copa do Brasil,Vitória / BA,Nautico / RR,3 x 1,7,2016
Copa do Brasil,Paysandu / PA,Independente / PA,2 x 0,7,2016
Copa do Brasil,Rio Branco / AC,Galvez / AC,1 x 1,7,2016
Copa do Brasil,Nacional / AM,Dom Bosco / MT,1 x 1,8,2016
Copa do Brasil,Cuiabá / MT,Juazeirense / BA,4 x 5,8,2016
Copa do Brasil,Vasco da Gama / RJ,Remo / PA,2 x 1,8,2016
Copa do Brasil,Sport / PE,Aparecidense / GO,1 x 2,8,2016
Copa do Brasil,Criciúma / SC,Operario / PR,1 x 1,8,2016
Copa do Brasil,Fortaleza / CE,Imperatriz / MA,2 x 0,8,2016
Copa do Brasil,Avaí / SC,Operário / MT,2 x 0,8,2016
Copa do Brasil,Santos / SP,Santos / AP,3 x 0,8,2016
Copa do Brasil,Asa / AL,Genus / RO,2 x 1,8,2016
Copa do Brasil,Botafogo / RJ,Coruripe / AL,1 x 1,8,2016
Copa do Brasil,Bragantino / SP,Avaí / SC,1 x 0,9,2016
Copa do Brasil,Ferroviária / SP,Fluminense / RJ,3 x 3,9,2016
Copa do Brasil,Fortaleza / CE,Flamengo / RJ,2 x 1,9,2016
Copa do Brasil,Genus / RO,Ponte Preta / SP,0 x 1,9,2016
Copa do Brasil,Londrina / PR,Cruzeiro / MG,0 x 2,9,2016
Copa do Brasil,Avaí / SC,Bragantino / SP,1 x 1,9,2016
Copa do Brasil,Galvez / AC,Santos / SP,0 x 3,9,2016
Copa do Brasil,Joinville / SC,Ceará / CE,0 x 1,9,2016
Copa do Brasil,Juventude / RS,Coritiba / PR,1 x 0,9,2016
Copa do Brasil,Paraná / PR,Chapecoense / SC,2 x 1,9,2016
Copa do Brasil,Sampaio Correa / MA,Figueirense / SC,1 x 2,10,2016
Copa do Brasil,Ríver / PI,Botafogo / PB,0 x 1,10,2016
Copa do Brasil,Ypiranga / RS,Aparecidense / GO,3 x 1,10,2016
Copa do Brasil,Dom Bosco / MT,Athlético / PR,2 x 2,10,2016
Copa do Brasil,Crb / AL,Vasco da Gama / RJ,0 x 1,10,2016
Copa do Brasil,Vitória da Conquista / BA,Santa Cruz / PE,0 x 2,10,2016
Copa do Brasil,América / MG,Bahia / BA,0 x 0,10,2016
Copa do Brasil,Portuguesa / SP,Vitória / BA,0 x 0,10,2016
Copa do Brasil,Juazeirense / BA,Botafogo / RJ,1 x 2,10,2016
Copa do Brasil,Fluminense / RJ,Ferroviária / SP,3 x 0,10,2016
Copa do Brasil,Ponte Preta / SP,Genus / RO,3 x 0,11,2016
Copa do Brasil,Ceará / CE,Joinville / SC,1 x 0,11,2016
Copa do Brasil,Operario / PR,Paysandu / PA,1 x 0,11,2016
Copa do Brasil,Athlético / PR,Dom Bosco / MT,5 x 0,11,2016
Copa do Brasil,Chapecoense / SC,Paraná / PR,2 x 0,11,2016
Copa do Brasil,Figueirense / SC,Sampaio Correa / MA,1 x 0,11,2016
Copa do Brasil,Botafogo / PB,Ríver / PI,1 x 0,11,2016
Copa do Brasil,Vasco da Gama / RJ,Crb / AL,1 x 1,11,2016
Copa do Brasil,Flamengo / RJ,Fortaleza / CE,1 x 2,12,2016
Copa do Brasil,Bahia / BA,América / MG,0 x 1,12,2016
Copa do Brasil,Vitória / BA,Portuguesa / SP,3 x 1,12,2016
Copa do Brasil,Coritiba / PR,Juventude / RS,2 x 2,12,2016
Copa do Brasil,Aparecidense / GO,Ypiranga / RS,2 x 1,12,2016
Copa do Brasil,Botafogo / RJ,Juazeirense / BA,1 x 0,12,2016
Copa do Brasil,Gama / DF,Abc / RN,1 x 1,12,2016
Copa do Brasil,Abc / RN,Gama / DF,1 x 4,12,2016
Copa do Brasil,Paysandu / PA,Operario / PR,2 x 0,12,2016
Copa do Brasil,Vitória / BA,Cruzeiro / MG,1 x 2,13,2016
Copa do Brasil,América / MG,Fortaleza / CE,1 x 0,13,2016
Copa do Brasil,Figueirense / SC,Ponte Preta / SP,0 x 0,13,2016
Copa do Brasil,Bragantino / SP,Botafogo / RJ,2 x 2,13,2016
Copa do Brasil,Botafogo / PB,Ceará / CE,3 x 0,13,2016
Copa do Brasil,Vasco da Gama / RJ,Santa Cruz / PE,1 x 1,13,2016
Copa do Brasil,Athlético / PR,Chapecoense / SC,0 x 0,13,2016
Copa do Brasil,Ceará / CE,Botafogo / PB,0 x 0,13,2016
Copa do Brasil,Juventude / RS,Paysandu / PA,0 x 0,13,2016
Copa do Brasil,Gama / DF,Santos / SP,0 x 0,14,2016
Copa do Brasil,Santa Cruz / PE,Vasco da Gama / RJ,2 x 3,14,2016
Copa do Brasil,Cruzeiro / MG,Vitória / BA,2 x 1,14,2016
Copa do Brasil,Chapecoense / SC,Athlético / PR,1 x 1,14,2016
Copa do Brasil,Paysandu / PA,Juventude / RS,1 x 2,14,2016
Copa do Brasil,Ponte Preta / SP,Figueirense / SC,5 x 0,14,2016
Copa do Brasil,Botafogo / RJ,Bragantino / SP,1 x 0,14,2016
Copa do Brasil,Santos / SP,Gama / DF,3 x 0,14,2016
Copa do Brasil,Ypiranga / RS,Fluminense / RJ,0 x 2,14,2016
Copa do Brasil,Fortaleza / CE,América / MG,4 x 1,14,2016
Copa do Brasil,Santos / SP,Vasco da Gama / RJ,3 x 1,15,2016
Copa do Brasil,Athlético / PR,Grêmio / RS,0 x 1,15,2016
Copa do Brasil,São Paulo / SP,Juventude / RS,1 x 2,15,2016
Copa do Brasil,Atlético / MG,Ponte Preta / SP,1 x 1,15,2016
Copa do Brasil,Palmeiras / SP,Botafogo / PB,3 x 0,15,2016
Copa do Brasil,Fluminense / RJ,Corinthians / SP,1 x 1,15,2016
Copa do Brasil,Internacional / RS,Fortaleza / CE,3 x 0,15,2016
Copa do Brasil,Botafogo / RJ,Cruzeiro / MG,2 x 5,15,2016
Copa do Brasil,Juventude / RS,São Paulo / SP,0 x 1,15,2016
Copa do Brasil,Grêmio / RS,Athlético / PR,4 x 3,15,2016
Copa do Brasil,Ponte Preta / SP,Atlético / MG,2 x 2,16,2016
Copa do Brasil,Corinthians / SP,Fluminense / RJ,1 x 0,16,2016
Copa do Brasil,Vasco da Gama / RJ,Santos / SP,2 x 2,16,2016
Copa do Brasil,Cruzeiro / MG,Botafogo / RJ,1 x 0,16,2016
Copa do Brasil,Fortaleza / CE,Internacional / RS,1 x 0,16,2016
Copa do Brasil,Botafogo / PB,Palmeiras / SP,1 x 0,16,2016
Copa do Brasil,Atlético / MG,Juventude / RS,1 x 0,16,2016,28/09/2016
Copa do Brasil,Santos / SP,Internacional / RS,2 x 1,16,2016,28/09/2016
Copa do Brasil,Grêmio / RS,Palmeiras / SP,2 x 1,16,2016,28/09/2016
Copa do Brasil,Corinthians / SP,Cruzeiro / MG,2 x 1,16,2016,28/09/2016
Copa do Brasil,Juventude / RS,Atlético / MG,2 x 4,17,2016,19/10/2016
Copa do Brasil,Internacional / RS,Santos / SP,2 x 0,17,2016,19/10/2016
Copa do Brasil,Palmeiras / SP,Grêmio / RS,1 x 1,17,2016,19/10/2016
Copa do Brasil,Cruzeiro / MG,Corinthians / SP,4 x 2,17,2016,19/10/2016
Copa do Brasil,Internacional / RS,Atlético / MG,1 x 2,17,2016,26/10/2016
Copa do Brasil,Cruzeiro / MG,Grêmio / RS,0 x 2,17,2016,26/10/2016
Copa do Brasil,Atlético / MG,Internacional / RS,2 x 2,17,2016
Copa do Brasil,Grêmio / RS,Cruzeiro / MG,0 x 0,17,2016
Copa do Brasil,Atlético / MG,Grêmio / RS,1 x 3,17,2016,23/11/2016
Copa do Brasil,Grêmio / RS,Atlético / MG,1 x 1,17,2016,07/12/2016
Copa do Brasil,Vitória da Conquista / BA,Coritiba / PR,1 x 1,1,2017
Copa do Brasil,Campinense / PB,Ponte Preta / SP,0 x 2,1,2017
Copa do Brasil,Luziânia / DF,Vitória / BA,0 x 2,1,2017
Copa do Brasil,Ferroviária / SP,Asa / AL,1 x 1,1,2017
Copa do Brasil,São Bento / SP,Paraná / PR,1 x 1,1,2017
Copa do Brasil,Pstc / PR,Ypiranga / RS,2 x 1,1,2017
Copa do Brasil,Audax / SP,América / RN,1 x 0,1,2017
Copa do Brasil,Gurupi / TO,Londrina / PR,2 x 1,1,2017
Copa do Brasil,francisco / PA,Botafogo / PB,3 x 0,1,2017
Copa do Brasil,Sinop / MT,Salgueiro / PE,1 x 0,2,2017
Copa do Brasil,Altos / PI,Crb / AL,2 x 0,2,2017
Copa do Brasil,Rondoniense / RO,Cuiabá / MT,0 x 2,2,2017
Copa do Brasil,São Raimundo / RR,Boa / MG,0 x 2,2,2017
Copa do Brasil,Csa / AL,Sport / PE,1 x 4,2,2017
Copa do Brasil,Caldense / MG,Corinthians / SP,0 x 1,2,2017
Copa do Brasil,Atlético / AC,América / MG,0 x 2,2,2017
Copa do Brasil,Santos / AP,Vasco da Gama / RJ,0 x 2,2,2017
Copa do Brasil,Moto Club / MA,São Paulo / SP,0 x 1,2,2017
Copa do Brasil,Desportiva / ES,Avaí / SC,1 x 2,3,2017
Copa do Brasil,Boavista / RJ,Ceará / CE,1 x 0,3,2017
Copa do Brasil,Friburguense / RJ,Oeste / SP,0 x 1,3,2017
Copa do Brasil,Brusque / SC,Remo / PA,2 x 1,3,2017
Copa do Brasil,Urt / MG,Luverdense / MT,1 x 2,3,2017
Copa do Brasil,Anápolis / GO,Bragantino / SP,0 x 0,3,2017
Copa do Brasil,Uniclinic / CE,Portuguesa / SP,1 x 2,3,2017
Copa do Brasil,Comercial / MS,Joinville / SC,0 x 1,3,2017
Copa do Brasil,São Raimundo / PA,Fortaleza / CE,2 x 1,3,2017
Copa do Brasil,Murici / AL,Juventude / RS,3 x 1,4,2017
Copa do Brasil,Guarani / CE,Náutico / PE,1 x 0,4,2017
Copa do Brasil,Volta Redonda / RJ,Cruzeiro / MG,1 x 2,4,2017
Copa do Brasil,Globo / RN,Fluminense / RJ,2 x 5,4,2017
Copa do Brasil,Princesa do Solimões / AM,Internacional / RS,0 x 2,4,2017
Copa do Brasil,Itabaiana / SE,Goiás / GO,2 x 4,4,2017
Copa do Brasil,Rio Branco / AC,Figueirense / SC,1 x 0,4,2017
Copa do Brasil,Santo André / SP,Criciúma / SC,0 x 1,4,2017
Copa do Brasil,Sergipe / SE,Bahia / BA,0 x 2,4,2017
Copa do Brasil,Fast Clube / AM,Vila Nova / GO,1 x 1,4,2017
Copa do Brasil,Murici / AL,América / MG,5 x 4,5,2017
Copa do Brasil,Portuguesa / SP,Boavista / RJ,0 x 2,5,2017
Copa do Brasil,Sinop / MT,Fluminense / RJ,1 x 3,5,2017
Copa do Brasil,Criciúma / SC,Altos / PI,4 x 3,5,2017
Copa do Brasil,Vitória / BA,Bragantino / SP,3 x 2,5,2017
Copa do Brasil,Cruzeiro / MG,francisco / PA,6 x 0,5,2017
Copa do Brasil,Internacional / RS,Oeste / SP,4 x 1,5,2017
Copa do Brasil,Coritiba / PR,Asa / AL,0 x 2,5,2017
Copa do Brasil,Paraná / PR,Bahia / BA,2 x 0,5,2017
Copa do Brasil,Sampaio Correa / MA,Guarani / CE,2 x 0,6,2017
Copa do Brasil,Joinville / SC,São Raimundo / PA,1 x 0,6,2017
Copa do Brasil,Avaí / SC,Luverdense / MT,2 x 3,6,2017
Copa do Brasil,Ponte Preta / SP,Cuiabá / MT,4 x 5,6,2017
Copa do Brasil,Pstc / PR,São Paulo / SP,2 x 4,6,2017
Copa do Brasil,Gurupi / TO,Rio Branco / AC,2 x 0,6,2017
Copa do Brasil,Brusque / SC,Corinthians / SP,4 x 5,6,2017
Copa do Brasil,Boa / MG,Goiás / GO,2 x 3,6,2017
Copa do Brasil,Vila Nova / GO,Vasco da Gama / RJ,1 x 2,6,2017
Copa do Brasil,Goiás / GO,Cuiabá / MT,4 x 0,7,2017
Copa do Brasil,Joinville / SC,Gurupi / TO,3 x 1,7,2017
Copa do Brasil,Boavista / RJ,Sport / PE,0 x 3,7,2017
Copa do Brasil,Murici / AL,Cruzeiro / MG,0 x 2,7,2017
Copa do Brasil,Sampaio Correa / MA,Internacional / RS,1 x 4,7,2017
Copa do Brasil,Vasco da Gama / RJ,Vitória / BA,1 x 1,7,2017
Copa do Brasil,Criciúma / SC,Fluminense / RJ,1 x 1,7,2017
Copa do Brasil,Luverdense / MT,Corinthians / SP,0 x 2,7,2017
Copa do Brasil,Asa / AL,Paraná / PR,0 x 0,7,2017
Copa do Brasil,Fluminense / RJ,Criciúma / SC,3 x 2,8,2017
Copa do Brasil,Vitória / BA,Vasco da Gama / RJ,1 x 0,8,2017
Copa do Brasil,Gurupi / TO,Joinville / SC,1 x 0,8,2017
Copa do Brasil,Cruzeiro / MG,Murici / AL,3 x 0,8,2017
Copa do Brasil,Sport / PE,Boavista / RJ,1 x 0,8,2017
Copa do Brasil,Internacional / RS,Sampaio Correa / MA,3 x 0,8,2017
Copa do Brasil,Corinthians / SP,Luverdense / MT,1 x 1,8,2017
Copa do Brasil,Cuiabá / MT,Goiás / GO,1 x 1,8,2017
Copa do Brasil,Paraná / PR,Asa / AL,4 x 1,8,2017
Copa do Brasil,Sport / PE,Joinville / SC,2 x 1,9,2017
Copa do Brasil,Internacional / RS,Corinthians / SP,1 x 1,9,2017
Copa do Brasil,Vitória / BA,Paraná / PR,0 x 2,9,2017
Copa do Brasil,Goiás / GO,Fluminense / RJ,2 x 1,9,2017
Copa do Brasil,São Paulo / SP,Cruzeiro / MG,0 x 2,9,2017
Copa do Brasil,Paraná / PR,Vitória / BA,0 x 0,9,2017
Copa do Brasil,Cruzeiro / MG,São Paulo / SP,1 x 2,9,2017
Copa do Brasil,Joinville / SC,Sport / PE,3 x 4,9,2017
Copa do Brasil,Fluminense / RJ,Goiás / GO,3 x 0,9,2017
Copa do Brasil,Corinthians / SP,Internacional / RS,3 x 4,9,2017
Copa do Brasil,Santos / SP,Paysandu / PA,2 x 0,10,2017
Copa do Brasil,Botafogo / RJ,Sport / PE,2 x 1,10,2017
Copa do Brasil,Cruzeiro / MG,Chapecoense / SC,1 x 0,10,2017
Copa do Brasil,Flamengo / RJ,Atlético / GO,0 x 0,10,2017
Copa do Brasil,Santa Cruz / PE,Athlético / PR,0 x 0,10,2017
Copa do Brasil,Paraná / PR,Atlético / MG,3 x 2,10,2017
Copa do Brasil,Grêmio / RS,Fluminense / RJ,3 x 1,10,2017
Copa do Brasil,Palmeiras / SP,Internacional / RS,1 x 0,10,2017
Copa do Brasil,Paysandu / PA,Santos / SP,1 x 3,10,2017
Copa do Brasil,Atlético / GO,Flamengo / RJ,1 x 2,10,2017
Copa do Brasil,Atlético / MG,Paraná / PR,2 x 0,11,2017
Copa do Brasil,Athlético / PR,Santa Cruz / PE,2 x 0,11,2017
Copa do Brasil,Fluminense / RJ,Grêmio / RS,0 x 2,11,2017
Copa do Brasil,Internacional / RS,Palmeiras / SP,2 x 1,11,2017
Copa do Brasil,Sport / PE,Botafogo / RJ,1 x 1,11,2017
Copa do Brasil,Chapecoense / SC,Cruzeiro / MG,0 x 0,11,2017
Copa do Brasil,Grêmio / RS,Athlético / PR,4 x 0,11,2017
Copa do Brasil,Palmeiras / SP,Cruzeiro / MG,3 x 3,11,2017
Copa do Brasil,Flamengo / RJ,Santos / SP,2 x 0,11,2017
Copa do Brasil,Atlético / MG,Botafogo / RJ,1 x 0,11,2017
Copa do Brasil,Botafogo / RJ,Atlético / MG,3 x 0,12,2017
Copa do Brasil,Santos / SP,Flamengo / RJ,4 x 2,12,2017
Copa do Brasil,Cruzeiro / MG,Palmeiras / SP,1 x 1,12,2017
Copa do Brasil,Athlético / PR,Grêmio / RS,2 x 3,12,2017
Copa do Brasil,Botafogo / RJ,Flamengo / RJ,0 x 0,12,2017,16/08/2017
Copa do Brasil,Grêmio / RS,Cruzeiro / MG,1 x 0,12,2017,16/08/2017
Copa do Brasil,Flamengo / RJ,Botafogo / RJ,1 x 0,12,2017,23/08/2017
Copa do Brasil,Cruzeiro / MG,Grêmio / RS,3 x 2,12,2017
Copa do Brasil,Flamengo / RJ,Cruzeiro / MG,1 x 1,12,2017,07/09/2017
Copa do Brasil,Cruzeiro / MG,Flamengo / RJ,5 x 3,12,2017,27/09/2017
Copa do Brasil,Vitória da Conquista / BA,Boa / MG,0 x 0,1,2018
Copa do Brasil,Caxias / RS,Athlético / PR,0 x 0,1,2018
Copa do Brasil,Tubarão / SC,América de Natal / RN,2 x 0,1,2018
Copa do Brasil,Aimoré / RS,Cuiabá / MT,1 x 2,1,2018
Copa do Brasil,Real Desportivo / RO,Londrina / PR,0 x 1,1,2018
Copa do Brasil,Boavista / RJ,Internacional / RS,1 x 1,1,2018
Copa do Brasil,Caldense / MG,Fluminense / RJ,0 x 1,1,2018
Copa do Brasil,Uberlândia / MG,Ituano / SP,2 x 0,1,2018
Copa do Brasil,Novo / MS,Salgueiro / PE,2 x 3,1,2018
Copa do Brasil,Interporto / TO,Juventude / RS,0 x 0,1,2018
Copa do Brasil,Independente / PA,Sampaio Correa / MA,0 x 1,2,2018
Copa do Brasil,Floresta / CE,Botafogo / PB,0 x 2,2,2018
Copa do Brasil,Itabaiana / SE,Joinville / SC,0 x 1,2,2018
Copa do Brasil,Cordino / MA,Náutico / PE,1 x 1,2,2018
Copa do Brasil,Treze / PB,Figueirense / SC,0 x 2,2,2018
Copa do Brasil,Madureira / RJ,São Paulo / SP,0 x 1,2,2018
Copa do Brasil,Fluminense de Feira / BA,Santa Cruz / PE,2 x 0,2,2018
Copa do Brasil,Urt / MG,Paraná / PR,1 x 1,2,2018
Copa do Brasil,Novo Hamburgo / RS,Paysandu / PA,2 x 1,2,2018
Copa do Brasil,Nova Iguaçu / RJ,Bragantino / SP,1 x 1,2,2018
Copa do Brasil,Nacional / AM,Ponte Preta / SP,0 x 0,3,2018
Copa do Brasil,Brasiliense / DF,Oeste / SP,1 x 1,3,2018,06/02/2018
Copa do Brasil,Inter de Limeira / SP,Rio Branco / AC,1 x 0,3,2018,06/02/2018
Copa do Brasil,Aparecidense / GO,Botafogo / RJ,2 x 1,3,2018
Copa do Brasil,Atletico / ES,Remo / PA,0 x 2,3,2018,07/02/2018
Copa do Brasil,Cianorte / PR,Abc / RN,2 x 0,3,2018,07/02/2018
Copa do Brasil,Ceilândia / DF,Avaí / SC,2 x 0,3,2018,07/02/2018
Copa do Brasil,Corumbaense / MS,Asa / AL,1 x 0,3,2018
Copa do Brasil,Parnahyba / PI,Coritiba / PR,1 x 1,3,2018,07/02/2018
Copa do Brasil,São Caetano / SP,Criciúma / SC,1 x 1,3,2018,07/02/2018
Copa do Brasil,Globo / RN,Vitória / BA,0 x 2,4,2018,07/02/2018
Copa do Brasil,Santos / AP,Sport / PE,1 x 2,4,2018,07/02/2018
Copa do Brasil,Sinop / MT,Goiás / GO,0 x 1,4,2018,07/02/2018
Copa do Brasil,União de Rondonópolis / MT,Crb / AL,1 x 3,4,2018,07/02/2018
Copa do Brasil,Altos / PI,Atlético / GO,2 x 1,4,2018,07/02/2018
Copa do Brasil,Ferroviário / CE,Confiança / SE,2 x 1,4,2018
Copa do Brasil,Atlético / AC,Atlético / MG,1 x 1,4,2018,07/02/2018
Copa do Brasil,Brusque / SC,Ceará / CE,0 x 1,4,2018
Copa do Brasil,Manaus / AM,Csa / AL,2 x 2,4,2018
Copa do Brasil,São Raimundo / RR,Vila Nova / GO,0 x 1,4,2018,07/02/2018
Copa do Brasil,Vitória / BA,Corumbaense / MS,3 x 0,5,2018,15/02/2018
Copa do Brasil,Fluminense de Feira / BA,Náutico / PE,0 x 1,5,2018,14/02/2018
Copa do Brasil,Csa / AL,São Paulo / SP,0 x 2,5,2018,15/02/2018
Copa do Brasil,Fluminense / RJ,Salgueiro / PE,5 x 0,5,2018,15/02/2018
Copa do Brasil,Sport / PE,Ferroviário / CE,3 x 4,5,2018,15/02/2018
Copa do Brasil,Novo Hamburgo / RS,Crb / AL,3 x 4,5,2018,15/02/2018
Copa do Brasil,Athlético / PR,Tubarão / SC,5 x 4,5,2018,21/02/2018
Copa do Brasil,Remo / PA,Internacional / RS,1 x 2,5,2018,21/02/2018
Copa do Brasil,Londrina / PR,Ceará / CE,1 x 2,5,2018,21/02/2018
Copa do Brasil,Criciúma / SC,Cianorte / PR,4 x 5,5,2018,21/02/2018
Copa do Brasil,Bragantino / SP,Altos / PI,1 x 0,6,2018,21/02/2018
Copa do Brasil,Figueirense / SC,Oeste / SP,2 x 1,6,2018,21/02/2018
Copa do Brasil,Vila Nova / GO,Joinville / SC,4 x 2,6,2018,22/02/2018
Copa do Brasil,Cuiabá / MT,Aparecidense / GO,3 x 1,6,2018,21/02/2018
Copa do Brasil,Ponte Preta / SP,Inter de Limeira / SP,1 x 0,6,2018,21/02/2018
Copa do Brasil,Botafogo / PB,Atlético / MG,0 x 4,6,2018,21/02/2018
Copa do Brasil,Juventude / RS,Avaí / SC,0 x 2,6,2018,22/02/2018
Copa do Brasil,Goiás / GO,Boa / MG,6 x 5,6,2018,21/02/2018
Copa do Brasil,Uberlândia / MG,Coritiba / PR,0 x 2,6,2018,22/02/2018
Copa do Brasil,Sampaio Correa / MA,Paraná / PR,1 x 0,6,2018,22/02/2018
Copa do Brasil,Athlético / PR,Ceará / CE,0 x 0,7,2018,28/02/2018
Copa do Brasil,Goiás / GO,Coritiba / PR,1 x 0,7,2018,28/02/2018
Copa do Brasil,Ponte Preta / SP,Sampaio Correa / MA,0 x 0,7,2018,28/02/2018
Copa do Brasil,São Paulo / SP,Crb / AL,2 x 0,7,2018,28/02/2018
Copa do Brasil,Bragantino / SP,Vitória / BA,1 x 0,7,2018,28/02/2018
Copa do Brasil,Náutico / PE,Cuiabá / MT,2 x 1,7,2018,28/02/2018
Copa do Brasil,Ferroviário / CE,Vila Nova / GO,1 x 1,7,2018
Copa do Brasil,Figueirense / SC,Atlético / MG,0 x 1,7,2018,28/02/2018
Copa do Brasil,Internacional / RS,Cianorte / PR,2 x 0,7,2018,01/03/2018
Copa do Brasil,Fluminense / RJ,Avaí / SC,1 x 2,7,2018,01/03/2018
Copa do Brasil,Cianorte / PR,Internacional / RS,0 x 2,8,2018,14/03/2018
Copa do Brasil,Coritiba / PR,Goiás / GO,1 x 1,8,2018,14/03/2018
Copa do Brasil,Crb / AL,São Paulo / SP,0 x 3,8,2018,14/03/2018
Copa do Brasil,Cuiabá / MT,Náutico / PE,0 x 1,8,2018,14/03/2018
Copa do Brasil,Atlético / MG,Figueirense / SC,4 x 2,8,2018,14/03/2018
Copa do Brasil,Ceará / CE,Athlético / PR,5 x 6,8,2018,15/03/2018
Copa do Brasil,Sampaio Correa / MA,Ponte Preta / SP,3 x 5,8,2018,15/03/2018
Copa do Brasil,Vitória / BA,Bragantino / SP,3 x 0,8,2018,15/03/2018
Copa do Brasil,Vila Nova / GO,Ferroviário / CE,0 x 1,8,2018,15/03/2018
Copa do Brasil,Avaí / SC,Fluminense / RJ,1 x 0,8,2018,15/03/2018
Copa do Brasil,Athlético / PR,São Paulo / SP,2 x 1,9,2018,04/04/2018
Copa do Brasil,Atlético / MG,Ferroviário / CE,4 x 0,9,2018,04/04/2018
Copa do Brasil,Internacional / RS,Vitória / BA,2 x 1,9,2018,11/04/2018
Copa do Brasil,Ponte Preta / SP,Náutico / PE,3 x 0,9,2018,11/04/2018
Copa do Brasil,Avaí / SC,Goiás / GO,2 x 2,9,2018,11/04/2018
Copa do Brasil,Náutico / PE,Ponte Preta / SP,1 x 0,9,2018,18/04/2018
Copa do Brasil,Goiás / GO,Avaí / SC,2 x 0,9,2018,18/04/2018
Copa do Brasil,Vitória / BA,Internacional / RS,4 x 3,9,2018,19/04/2018
Copa do Brasil,Ferroviário / CE,Atlético / MG,2 x 2,9,2018,18/04/2018
Copa do Brasil,São Paulo / SP,Athlético / PR,2 x 2,9,2018,19/04/2018
Copa do Brasil,Goiás / GO,Grêmio / RS,0 x 2,10,2018,25/04/2018
Copa do Brasil,Vitória / BA,Corinthians / SP,0 x 0,10,2018,25/04/2018
Copa do Brasil,Atlético / MG,Chapecoense / SC,0 x 0,10,2018,02/05/2018
Copa do Brasil,Ponte Preta / SP,Flamengo / RJ,0 x 1,10,2018,02/05/2018
Copa do Brasil,Athlético / PR,Cruzeiro / MG,1 x 2,10,2018,16/05/2018
Copa do Brasil,Bahia / BA,Vasco da Gama / RJ,3 x 0,10,2018,09/05/2018
Copa do Brasil,América / MG,Palmeiras / SP,1 x 2,10,2018,09/05/2018
Copa do Brasil,Santos / SP,Luverdense / MT,5 x 1,10,2018,10/05/2018
Copa do Brasil,Chapecoense / SC,Atlético / MG,4 x 3,10,2018,16/05/2018
Copa do Brasil,Cruzeiro / MG,Athlético / PR,1 x 1,10,2018,16/07/2018
Copa do Brasil,Vasco da Gama / RJ,Bahia / BA,2 x 0,11,2018,16/07/2018
Copa do Brasil,Grêmio / RS,Goiás / GO,3 x 1,11,2018,09/05/2018
Copa do Brasil,Corinthians / SP,Vitória / BA,3 x 1,11,2018,10/05/2018
Copa do Brasil,Palmeiras / SP,América / MG,1 x 1,11,2018,23/05/2018
Copa do Brasil,Flamengo / RJ,Ponte Preta / SP,0 x 0,11,2018,10/05/2018
Copa do Brasil,Luverdense / MT,Santos / SP,2 x 1,11,2018,17/05/2018
Copa do Brasil,Santos / SP,Cruzeiro / MG,0 x 1,11,2018,01/08/2018
Copa do Brasil,Corinthians / SP,Chapecoense / SC,1 x 0,11,2018,01/08/2018
Copa do Brasil,Grêmio / RS,Flamengo / RJ,1 x 1,11,2018,01/08/2018
Copa do Brasil,Bahia / BA,Palmeiras / SP,0 x 0,11,2018,02/08/2018
Copa do Brasil,Palmeiras / SP,Bahia / BA,1 x 0,12,2018,16/08/2018
Copa do Brasil,Cruzeiro / MG,Santos / SP,1 x 2,12,2018,15/08/2018
Copa do Brasil,Chapecoense / SC,Corinthians / SP,0 x 1,12,2018,15/08/2018
Copa do Brasil,Flamengo / RJ,Grêmio / RS,1 x 0,12,2018,15/08/2018
Copa do Brasil,Flamengo / RJ,Corinthians / SP,0 x 0,12,2018,12/09/2018
Copa do Brasil,Palmeiras / SP,Cruzeiro / MG,0 x 1,12,2018,12/09/2018
Copa do Brasil,Corinthians / SP,Flamengo / RJ,2 x 1,12,2018,26/09/2018
Copa do Brasil,Cruzeiro / MG,Palmeiras / SP,1 x 1,12,2018,26/09/2018
Copa do Brasil,Cruzeiro / MG,Corinthians / SP,1 x 0,12,2018,10/10/2018
Copa do Brasil,Corinthians / SP,Cruzeiro / MG,1 x 2,12,2018,17/10/2018
Copa do Brasil,River / PI,Fluminense / RJ,0 x 5,1,2019,05/02/2019
Copa do Brasil,Votuporanguense / SP,Ypiranga / RS,0 x 1,1,2019,06/02/2019
Copa do Brasil,Americano / RJ,Londrina / PR,1 x 2,1,2019,07/02/2019
Copa do Brasil,Altos / PI,Santos / SP,1 x 7,1,2019,06/02/2019
Copa do Brasil,Imperatriz / MA,Náutico / PE,1 x 1,1,2019,12/02/2019
Copa do Brasil,Brasiliense / DF,Crb / AL,0 x 0,1,2019,13/02/2019
Copa do Brasil,Brusque / SC,Atlético / GO,1 x 1,1,2019,13/02/2019
Copa do Brasil,Central / PE,Ceará / CE,1 x 1,1,2019,06/02/2019
Copa do Brasil,Bragantino / PA,Asa / AL,1 x 0,1,2019,13/02/2019
Copa do Brasil,São Raimundo / RR,América / MG,0 x 0,1,2019,13/02/2019
Copa do Brasil,Corumbaense / MS,Luverdense / MT,0 x 0,2,2019,06/02/2019
Copa do Brasil,Santa Cruz / RN,Tupi / MG,1 x 0,2,2019,06/02/2019
Copa do Brasil,Atlético Cearense / CE,Joinville / SC,2 x 0,2,2019,06/02/2019
Copa do Brasil,São Raimundo / PA,Criciúma / SC,0 x 2,2,2019,13/02/2019
Copa do Brasil,Itabaiana / SE,Paraná / PR,2 x 5,2,2019,06/02/2019
Copa do Brasil,Juazeirense / BA,Vasco da Gama / RJ,2 x 2,2,2019,06/02/2019
Copa do Brasil,Real Desportivo / RO,Avaí / SC,1 x 4,2,2019,13/02/2019
Copa do Brasil,São José / RS,Chapecoense / SC,0 x 0,2,2019,13/02/2019
Copa do Brasil,Ferroviário / CE,Corinthians / SP,2 x 2,2,2019,07/02/2019
Copa do Brasil,Mixto / MT,Csa / AL,1 x 0,2,2019,06/02/2019
Copa do Brasil,Aparecidense / GO,Ponte Preta / SP,2 x 0,3,2019
Copa do Brasil,Galvez / AC,Abc / RN,0 x 1,3,2019,13/02/2019
Copa do Brasil,Avenida / RS,Guarani / SP,1 x 0,3,2019,13/02/2019
Copa do Brasil,Urt / MG,Coritiba / PR,3 x 2,3,2019,14/02/2019
Copa do Brasil,Foz do Iguaçu / PR,Boa / MG,1 x 0,3,2019,06/02/2019
Copa do Brasil,Sobradinho / DF,América / RN,0 x 0,3,2019,06/02/2019
Copa do Brasil,Serra / ES,Remo / PA,1 x 0,3,2019,13/02/2019
Copa do Brasil,Campinense / PB,Botafogo / RJ,0 x 2,3,2019,13/02/2019
Copa do Brasil,Ypiranga / AP,Cuiabá / MT,0 x 1,3,2019,13/02/2019
Copa do Brasil,Palmas / TO,Juventude / RS,0 x 1,3,2019,06/02/2019
Copa do Brasil,Sergipe / SE,Goiás / GO,0 x 2,4,2019,13/02/2019
Copa do Brasil,Tombense / MG,Sport / PE,3 x 0,4,2019,13/02/2019
Copa do Brasil,Operário / MS,Botafogo / PB,1 x 4,4,2019,13/02/2019
Copa do Brasil,Moto Club / MA,Vitória / BA,2 x 0,4,2019,13/02/2019
Copa do Brasil,Manaus / AM,Vila Nova / GO,1 x 1,4,2019,13/02/2019
Copa do Brasil,Rio Branco / AC,Bahia / BA,2 x 2,4,2019,13/02/2019
Copa do Brasil,Tubarão / SC,Brasil / RS,0 x 0,4,2019,14/02/2019
Copa do Brasil,Boavista / RJ,Figueirense / SC,1 x 2,4,2019,13/02/2019
Copa do Brasil,Sinop / MT,Santa Cruz / PE,1 x 2,4,2019,14/02/2019
Copa do Brasil,Fast Clube / AM,Oeste / SP,1 x 6,4,2019,14/02/2019
Copa do Brasil,Londrina / PR,Paraná / PR,5 x 4,5,2019,19/02/2019
Copa do Brasil,Luverdense / MT,Figueirense / SC,1 x 0,5,2019,20/02/2019
Copa do Brasil,Corinthians / SP,Avenida / RS,4 x 2,5,2019,20/02/2019
Copa do Brasil,Santa Cruz / PE,Náutico / PE,4 x 2,5,2019,20/02/2019
Copa do Brasil,Serra / ES,Vasco da Gama / RJ,0 x 2,5,2019
Copa do Brasil,Criciúma / SC,Oeste / SP,7 x 6,5,2019,21/02/2019
Copa do Brasil,Goiás / GO,Crb / AL,2 x 3,5,2019,21/02/2019
Copa do Brasil,Atlético Cearense / CE,Atlético / GO,0 x 4,5,2019,26/02/2019
Copa do Brasil,Bragantino / PA,Aparecidense / GO,3 x 2,5,2019,10/04/2019
Copa do Brasil,Foz do Iguaçu / PR,Ceará / CE,2 x 4,5,2019,27/02/2019
Copa do Brasil,Urt / MG,Vila Nova / GO,4 x 5,6,2019,27/02/2019
Copa do Brasil,Botafogo / RJ,Cuiabá / MT,3 x 0,6,2019,27/02/2019
Copa do Brasil,Tombense / MG,Botafogo / PB,6 x 7,6,2019,28/02/2019
Copa do Brasil,Juventude / RS,América / MG,2 x 1,6,2019,28/02/2019
Copa do Brasil,Santa Cruz / RN,Bahia / BA,0 x 1,6,2019,06/03/2019
Copa do Brasil,Fluminense / RJ,Ypiranga / RS,3 x 0,6,2019,06/03/2019
Copa do Brasil,Mixto / MT,Chapecoense / SC,1 x 2,6,2019,06/03/2019
Copa do Brasil,Avaí / SC,Brasil / RS,2 x 0,6,2019,07/03/2019
Copa do Brasil,Abc / RN,Moto Club / MA,5 x 3,6,2019,07/03/2019
Copa do Brasil,Santos / SP,América / RN,4 x 0,6,2019,07/03/2019
Copa do Brasil,Botafogo / PB,Londrina / PR,0 x 2,7,2019,13/03/2019
Copa do Brasil,Ceará / CE,Corinthians / SP,1 x 3,7,2019,13/03/2019
Copa do Brasil,Vasco da Gama / RJ,Avaí / SC,3 x 2,7,2019,14/03/2019
Copa do Brasil,Chapecoense / SC,Criciúma / SC,3 x 2,7,2019,27/03/2019
Copa do Brasil,Crb / AL,Bahia / BA,1 x 1,7,2019,02/04/2019
Copa do Brasil,Luverdense / MT,Fluminense / RJ,0 x 0,7,2019,03/04/2019
Copa do Brasil,Abc / RN,Santa Cruz / PE,1 x 0,7,2019,03/04/2019
Copa do Brasil,Atlético / GO,Santos / SP,1 x 0,7,2019,04/04/2019
Copa do Brasil,Botafogo / RJ,Juventude / RS,1 x 1,7,2019,04/04/2019
Copa do Brasil,Vila Nova / GO,Bragantino / PA,2 x 0,7,2019,16/04/2019
Copa do Brasil,Londrina / PR,Botafogo / PB,3 x 3,8,2019,03/04/2019
Copa do Brasil,Corinthians / SP,Ceará / CE,0 x 1,8,2019,03/04/2019
Copa do Brasil,Bahia / BA,Crb / AL,1 x 0,8,2019,09/04/2019
Copa do Brasil,Fluminense / RJ,Luverdense / MT,2 x 0,8,2019,10/04/2019
Copa do Brasil,Criciúma / SC,Chapecoense / SC,0 x 2,8,2019,10/04/2019
Copa do Brasil,Avaí / SC,Vasco da Gama / RJ,0 x 1,8,2019,10/04/2019
Copa do Brasil,Santa Cruz / PE,Abc / RN,3 x 0,8,2019,10/04/2019
Copa do Brasil,Juventude / RS,Botafogo / RJ,2 x 1,8,2019,11/04/2019
Copa do Brasil,Santos / SP,Atlético / GO,3 x 0,8,2019,11/04/2019
Copa do Brasil,Bragantino / PA,Vila Nova / GO,2 x 1,8,2019,20/04/2019
Copa do Brasil,Santos / SP,Vasco da Gama / RJ,2 x 0,9,2019,17/04/2019
Copa do Brasil,Fluminense / RJ,Santa Cruz / PE,2 x 0,9,2019,17/04/2019
Copa do Brasil,Chapecoense / SC,Corinthians / SP,1 x 0,9,2019,17/04/2019
Copa do Brasil,Bahia / BA,Londrina / PR,4 x 0,9,2019,18/04/2019
Copa do Brasil,Vasco da Gama / RJ,Santos / SP,2 x 1,9,2019,24/04/2019
Copa do Brasil,Corinthians / SP,Chapecoense / SC,2 x 0,9,2019,24/04/2019
Copa do Brasil,Londrina / PR,Bahia / BA,2 x 1,9,2019,25/04/2019
Copa do Brasil,Juventude / RS,Vila Nova / GO,0 x 0,9,2019,24/04/2019
Copa do Brasil,Santa Cruz / PE,Fluminense / RJ,2 x 3,9,2019,25/04/2019
Copa do Brasil,Vila Nova / GO,Juventude / RS,3 x 4,9,2019,07/05/2019
Copa do Brasil,Atlético / MG,Santos / SP,0 x 0,10,2019,15/05/2019
Copa do Brasil,Corinthians / SP,Flamengo / RJ,0 x 1,10,2019,15/05/2019
Copa do Brasil,Fluminense / RJ,Cruzeiro / MG,1 x 1,10,2019,15/05/2019
Copa do Brasil,Fortaleza / CE,Athlético / PR,0 x 0,10,2019,16/05/2019
Copa do Brasil,Juventude / RS,Grêmio / RS,0 x 0,10,2019,22/05/2019
Copa do Brasil,Sampaio Correa / MA,Palmeiras / SP,0 x 1,10,2019,22/05/2019
Copa do Brasil,São Paulo / SP,Bahia / BA,0 x 1,10,2019,22/05/2019
Copa do Brasil,Internacional / RS,Paysandu / PA,3 x 1,10,2019,23/05/2019
Copa do Brasil,Paysandu / PA,Internacional / RS,0 x 1,10,2019,29/05/2019
Copa do Brasil,Bahia / BA,São Paulo / SP,1 x 0,10,2019,29/05/2019
Copa do Brasil,Palmeiras / SP,Sampaio Correa / MA,2 x 0,11,2019,30/05/2019
Copa do Brasil,Grêmio / RS,Juventude / RS,3 x 0,11,2019,29/05/2019
Copa do Brasil,Flamengo / RJ,Corinthians / SP,1 x 0,11,2019,04/06/2019
Copa do Brasil,Athlético / PR,Fortaleza / CE,1 x 0,11,2019,05/06/2019
Copa do Brasil,Cruzeiro / MG,Fluminense / RJ,2 x 2,11,2019,05/06/2019
Copa do Brasil,Santos / SP,Atlético / MG,1 x 2,11,2019,06/06/2019
Copa do Brasil,Grêmio / RS,Bahia / BA,1 x 1,11,2019,10/07/2019
Copa do Brasil,Athlético / PR,Flamengo / RJ,1 x 1,11,2019,10/07/2019
Copa do Brasil,Palmeiras / SP,Internacional / RS,1 x 0,11,2019,10/07/2019
Copa do Brasil,Cruzeiro / MG,Atlético / MG,3 x 0,11,2019,11/07/2019
Copa do Brasil,Bahia / BA,Grêmio / RS,0 x 1,12,2019,17/07/2019
Copa do Brasil,Atlético / MG,Cruzeiro / MG,2 x 0,12,2019
Copa do Brasil,Flamengo / RJ,Athlético / PR,1 x 3,12,2019,17/07/2019
Copa do Brasil,Internacional / RS,Palmeiras / SP,5 x 4,12,2019,17/07/2019
Copa do Brasil,Cruzeiro / MG,Internacional / RS,0 x 1,12,2019,07/08/2019
Copa do Brasil,Grêmio / RS,Athlético / PR,2 x 0,12,2019,14/08/2019
Copa do Brasil,Athlético / PR,Grêmio / RS,5 x 4,12,2019,04/09/2019
Copa do Brasil,Internacional / RS,Cruzeiro / MG,3 x 0,12,2019,04/09/2019
Copa do Brasil,Athlético / PR,Internacional / RS,1 x 0,12,2019,11/09/2019
Copa do Brasil,Internacional / RS,Athlético / PR,1 x 2,12,2019,18/09/2019
Copa do Brasil,River / PI,Bahia / BA,1 x 0,1,2020,05/02/2020
Copa do Brasil,São Luiz / RS,América / RN,0 x 0,1,2020,05/02/2020
Copa do Brasil,Coruripe / AL,Juventude / RS,0 x 0,1,2020,05/02/2020
Copa do Brasil,Xv de Piracicaba / SP,Londrina / PR,1 x 0,1,2020,05/02/2020
Copa do Brasil,Caxias / RS,Botafogo / RJ,1 x 1,1,2020,05/02/2020
Copa do Brasil,Toledo / PR,Náutico / PE,0 x 2,1,2020,12/02/2020
Copa do Brasil,Palmas Ltda / TO,Paraná / PR,0 x 2,1,2020,05/02/2020
Copa do Brasil,Bahia de Feira / BA,Luverdense / MT,3 x 1,1,2020,05/02/2020
Copa do Brasil,Brusque / SC,Sport / PE,2 x 1,1,2020,12/02/2020
Copa do Brasil,Frei Paulistano / SE,Remo / PA,1 x 2,1,2020,12/02/2020
Copa do Brasil,Manaus / AM,Coritiba / PR,1 x 0,2,2020,12/02/2020
Copa do Brasil,Gama / DF,Brasil / RS,3 x 3,2,2020,12/02/2020
Copa do Brasil,São Raimundo / RR,Cruzeiro / MG,2 x 2,2,2020,13/02/2020
Copa do Brasil,Vilhenense / RO,Boa / MG,1 x 1,2,2020,05/02/2020
Copa do Brasil,Brasiliense / DF,Paysandu / PA,1 x 1,2,2020,06/02/2020
Copa do Brasil,Independente / PA,Crb / AL,2 x 3,2,2020,05/02/2020
Copa do Brasil,Moto Club / MA,Fluminense / RJ,2 x 4,2,2020,26/02/2020
Copa do Brasil,Atlético / BA,Botafogo / PB,0 x 0,2,2020,12/02/2020
Copa do Brasil,Novorizontino / SP,Figueirense / SC,1 x 2,2,2020,06/02/2020
Copa do Brasil, X Csa / AL,Csa / AL,2 x 1,2,2020,06/02/2020
Copa do Brasil,Boavista / RJ,Chapecoense / SC,0 x 2,3,2020,19/02/2020
Copa do Brasil,Caucaia / CE,São José / RS,1 x 2,3,2020,12/02/2020
Copa do Brasil,União / MT,Atlético / GO,0 x 1,3,2020,06/02/2020
Copa do Brasil,Operário / MT,Santa Cruz / PE,0 x 0,3,2020,05/02/2020
Copa do Brasil,Imperatriz / MA,Vitória / BA,0 x 0,3,2020,11/02/2020
Copa do Brasil,Lagarto / SE,Volta Redonda / RJ,1 x 0,3,2020,19/02/2020
Copa do Brasil,Bragantino / PA,Ceará / CE,1 x 2,3,2020,12/02/2020
Copa do Brasil,Bangu / RJ,Oeste / SP,1 x 1,3,2020,12/02/2020
Copa do Brasil,Campinense / PB,Atlético / MG,0 x 0,3,2020,12/02/2020
Copa do Brasil,Afogados / PE,Atlético / AC,3 x 0,3,2020,13/02/2020
Copa do Brasil,Novo Hamburgo / RS,Ponte Preta / SP,1 x 2,4,2020,13/02/2020
Copa do Brasil,Galvez / AC,Vila Nova / GO,0 x 1,4,2020,12/02/2020
Copa do Brasil,Altos / PI,Vasco da Gama / RJ,1 x 1,4,2020,12/02/2020
Copa do Brasil,Aquidauanense / MS,Abc / RN,0 x 1,4,2020,05/02/2020
Copa do Brasil,Fast Clube / AM,Goiás / GO,0 x 2,4,2020,05/02/2020
Copa do Brasil,Santo André / SP,Criciúma / SC,4 x 1,4,2020,05/02/2020
Copa do Brasil,Santos / AP,América / MG,1 x 1,4,2020,05/02/2020
Copa do Brasil,Barbalha / CE,Operario / PR,0 x 3,4,2020,05/02/2020
Copa do Brasil,Ferroviária / SP,Avaí / SC,2 x 0,4,2020,13/02/2020
Copa do Brasil,Águia Negra / MS,Sampaio Correa / MA,2 x 1,4,2020,12/02/2020
Copa do Brasil, X Figueirense / SC,Figueirense / SC,0 x 1,5,2020,18/02/2020
Copa do Brasil,Paysandu / PA,Crb / AL,3 x 5,5,2020,19/02/2020
Copa do Brasil,Náutico / PE,Botafogo / RJ,3 x 4,5,2020,19/02/2020
Copa do Brasil,Oeste / SP,Ceará / CE,2 x 4,5,2020,19/02/2020
Copa do Brasil,Brusque / SC,Remo / PA,5 x 1,5,2020,20/02/2020
Copa do Brasil,Xv de Piracicaba / SP,Juventude / RS,7 x 8,5,2020,26/02/2020
Copa do Brasil,Paraná / PR,Bahia de Feira / BA,3 x 2,5,2020,26/02/2020
Copa do Brasil,River / PI,América / RN,3 x 4,5,2020,26/02/2020
Copa do Brasil,Ferroviária / SP,Águia Negra / MS,6 x 2,5,2020,26/02/2020
Copa do Brasil,Afogados / PE,Atlético / MG,7 x 6,5,2020,26/02/2020
Copa do Brasil,São José / RS,Chapecoense / SC,5 x 4,6,2020,27/02/2020
Copa do Brasil,Ponte Preta / SP,Vila Nova / GO,5 x 3,6,2020,27/02/2020
Copa do Brasil,Fluminense / RJ,Botafogo / PB,2 x 0,6,2020,04/03/2020
Copa do Brasil,Santo André / SP,Goiás / GO,0 x 2,6,2020,04/03/2020
Copa do Brasil,Brasil / RS,Manaus / AM,1 x 0,6,2020,04/03/2020
Copa do Brasil,Boa / MG,Cruzeiro / MG,4 x 5,6,2020,04/03/2020
Copa do Brasil,Atlético / GO,Santa Cruz / PE,4 x 3,6,2020,04/03/2020
Copa do Brasil,Vitória / BA,Lagarto / SE,3 x 1,6,2020,05/03/2020
Copa do Brasil,Operario / PR,América / MG,0 x 2,6,2020,05/03/2020
Copa do Brasil,Vasco da Gama / RJ,Abc / RN,1 x 0,6,2020,05/03/2020
Copa do Brasil,Botafogo / RJ,Paraná / PR,1 x 0,7,2020,10/03/2020
Copa do Brasil,Juventude / RS,América / RN,1 x 1,7,2020,11/03/2020
Copa do Brasil,Figueirense / SC,Fluminense / RJ,1 x 0,7,2020,11/03/2020
Copa do Brasil,Ceará / CE,Vitória / BA,1 x 0,7,2020,12/03/2020
Copa do Brasil,Ferroviária / SP,América / MG,0 x 0,7,2020,11/03/2020
Copa do Brasil,Cruzeiro / MG,Crb / AL,0 x 2,7,2020,11/03/2020
Copa do Brasil,Atlético / GO,São José / RS,2 x 0,7,2020,11/03/2020
Copa do Brasil,Vasco da Gama / RJ,Goiás / GO,0 x 1,7,2020,12/03/2020
Copa do Brasil,Ponte Preta / SP,Afogados / PE,3 x 0,7,2020,12/03/2020
Copa do Brasil,Brasil / RS,Brusque / SC,0 x 1,7,2020,12/03/2020
Copa do Brasil,Paraná / PR,Botafogo / RJ,1 x 2,8,2020,26/08/2020
Copa do Brasil,Crb / AL,Cruzeiro / MG,1 x 1,8,2020,26/08/2020
Copa do Brasil,Vitória / BA,Ceará / CE,3 x 4,8,2020,26/08/2020
Copa do Brasil,América / RN,Juventude / RS,3 x 5,8,2020,26/08/2020
Copa do Brasil,São José / RS,Atlético / GO,1 x 0,8,2020,27/08/2020
Copa do Brasil,Goiás / GO,Vasco da Gama / RJ,2 x 3,8,2020,26/08/2020
Copa do Brasil,América / MG,Ferroviária / SP,1 x 0,8,2020,25/08/2020
Copa do Brasil,Afogados / PE,Ponte Preta / SP,0 x 2,8,2020,25/08/2020
Copa do Brasil,Brusque / SC,Brasil / RS,1 x 0,8,2020,27/08/2020
Copa do Brasil,Fluminense / RJ,Figueirense / SC,3 x 0,8,2020,25/08/2020
Copa do Brasil,Fluminense / RJ,Atlético / GO,1 x 0,9,2020,16/09/2020
Copa do Brasil,Brusque / SC,Ceará / CE,0 x 2,9,2020,16/09/2020
Copa do Brasil,Botafogo / RJ,Vasco da Gama / RJ,1 x 0,9,2020,17/09/2020
Copa do Brasil,Ponte Preta / SP,América / MG,2 x 2,9,2020,16/09/2020
Copa do Brasil,Juventude / RS,Crb / AL,2 x 0,9,2020,17/09/2020
Copa do Brasil,Atlético / GO,Fluminense / RJ,3 x 1,9,2020,24/09/2020
Copa do Brasil,Ceará / CE,Brusque / SC,5 x 1,9,2020,23/09/2020
Copa do Brasil,Vasco da Gama / RJ,Botafogo / RJ,0 x 0,9,2020,23/09/2020
Copa do Brasil,América / MG,Ponte Preta / SP,3 x 1,9,2020,22/09/2020
Copa do Brasil,Crb / AL,Juventude / RS,1 x 0,9,2020,22/09/2020
Copa do Brasil,Fortaleza / CE,São Paulo / SP,3 x 3,10,2020,14/10/2020
Copa do Brasil,São Paulo / SP,Fortaleza / CE,2 x 2,10,2020,25/10/2020
Copa do Brasil,Botafogo / RJ,Cuiabá / MT,0 x 1,10,2020,27/10/2020
Copa do Brasil,Santos / SP,Ceará / CE,0 x 0,10,2020,28/10/2020
Copa do Brasil,Atlético / GO,Internacional / RS,1 x 2,10,2020,28/10/2020
Copa do Brasil,Athlético / PR,Flamengo / RJ,0 x 1,10,2020,28/10/2020
Copa do Brasil,Corinthians / SP,América / MG,0 x 1,10,2020,28/10/2020
Copa do Brasil,Red Bull Bragantino / SP,Palmeiras / SP,1 x 3,10,2020,29/10/2020
Copa do Brasil,Grêmio / RS,Juventude / RS,1 x 0,10,2020,29/10/2020
Copa do Brasil,Cuiabá / MT,Botafogo / RJ,0 x 0,10,2020,03/11/2020
Copa do Brasil,Ceará / CE,Santos / SP,1 x 0,11,2020,04/11/2020
Copa do Brasil,Internacional / RS,Atlético / GO,2 x 1,11,2020,03/11/2020
Copa do Brasil,Flamengo / RJ,Athlético / PR,3 x 2,11,2020,04/11/2020
Copa do Brasil,América / MG,Corinthians / SP,1 x 1,11,2020,04/11/2020
Copa do Brasil,Palmeiras / SP,Red Bull Bragantino / SP,1 x 0,11,2020,05/11/2020
Copa do Brasil,Juventude / RS,Grêmio / RS,0 x 1,11,2020,05/11/2020
Copa do Brasil,Flamengo / RJ,São Paulo / SP,1 x 2,11,2020,11/11/2020
Copa do Brasil,Cuiabá / MT,Grêmio / RS,1 x 2,11,2020,11/11/2020
Copa do Brasil,Internacional / RS,América / MG,0 x 1,11,2020,11/11/2020
Copa do Brasil,Palmeiras / SP,Ceará / CE,3 x 0,11,2020,11/11/2020
Copa do Brasil,São Paulo / SP,Flamengo / RJ,3 x 0,12,2020,18/11/2020
Copa do Brasil,Grêmio / RS,Cuiabá / MT,2 x 0,12,2020,18/11/2020
Copa do Brasil,América / MG,Internacional / RS,6 x 5,12,2020,18/11/2020
Copa do Brasil,Ceará / CE,Palmeiras / SP,2 x 2,12,2020,18/11/2020
Copa do Brasil,Grêmio / RS,São Paulo / SP,1 x 0,12,2020,23/12/2020
Copa do Brasil,Palmeiras / SP,América / MG,1 x 1,12,2020,23/12/2020
Copa do Brasil,São Paulo / SP,Grêmio / RS,0 x 0,12,2020,30/12/2020
Copa do Brasil,América / MG,Palmeiras / SP,0 x 2,12,2020,30/12/2020
Copa do Brasil,Grêmio / RS,Palmeiras / SP,0 x 1,12,2020,28/02/2021
Copa do Brasil,Palmeiras / SP,Grêmio / RS,2 x 0,12,2020,07/03/2021
Copa do Brasil,Águia Negra / MS,Vitória / BA,0 x 1,1,2021,09/03/2021
Copa do Brasil,Campinense / PB,Bahia / BA,1 x 7,1,2021,09/03/2021
Copa do Brasil,Madureira / RJ,Paysandu / PA,0 x 1,1,2021,10/03/2021
Copa do Brasil,Real Brasília / DF,América / RN,0 x 2,1,2021,11/03/2021
Copa do Brasil,Rio Branco / ES,Sampaio Corrêa / MA,2 x 1,1,2021,10/03/2021
Copa do Brasil,Cianorte / PR,Paraná / PR,1 x 0,1,2021,10/03/2021
Copa do Brasil,Juazeirense / BA,Sport / PE,3 x 2,1,2021,10/03/2021
Copa do Brasil,Moto Club / MA,Botafogo / RJ,0 x 5,1,2021,10/03/2021
Copa do Brasil,Ypiranga / AP,Santa Cruz / PE,0 x 4,1,2021,26/03/2021
Copa do Brasil,Uberlândia / MG,Luverdense / MT,1 x 1,2,2021,11/03/2021
Copa do Brasil,São Raimundo / RR,Cruzeiro / MG,1 x 1,2,2021,11/03/2021
Copa do Brasil,Gama / DF,Ponte Preta / SP,1 x 2,2,2021,10/03/2021
Copa do Brasil,Boavista / RJ,Goiás / GO,3 x 1,2,2021,11/03/2021
Copa do Brasil,Murici / AL,Juventude / RS,0 x 3,2,2021,16/03/2021
Copa do Brasil,Sergipe / SE,Cuiabá / MT,0 x 0,2,2021,16/03/2021
Copa do Brasil,Esportivo / RS,Remo / PA,0 x 2,2,2021,17/03/2021
Copa do Brasil,Mirassol / SP,Red Bull Bragantino / SP,2 x 3,2,2021,18/03/2021
Copa do Brasil,Juventude / MA,Operário / PR,0 x 2,2,2021,17/03/2021
Copa do Brasil,Picos / PI,Atlético / AC,1 x 0,2,2021,17/03/2021
Copa do Brasil,Goianesia / GO,Crb / AL,2 x 3,3,2021,27/03/2021
Copa do Brasil,Porto Velho / RO,Ferroviário / CE,0 x 1,3,2021,25/03/2021
Copa do Brasil,Nova Mutum / MT,Tombense / MG,0 x 0,3,2021,17/03/2021
Copa do Brasil,Atlético / BA,Vila Nova / GO,0 x 3,3,2021,17/03/2021
Copa do Brasil,Retrô / PE,Brusque / SC,1 x 0,3,2021,17/03/2021
Copa do Brasil,Galvez / AC,Atlético / GO,1 x 3,3,2021,17/03/2021
Copa do Brasil,Caxias / RS,Fortaleza / CE,0 x 1,3,2021,17/03/2021
Copa do Brasil,Guarany de Sobral / CE,Csa / AL,1 x 5,3,2021,17/03/2021
Copa do Brasil,Palmas Ltda / TO,Avaí / SC,0 x 1,3,2021,25/03/2021
Copa do Brasil,Castanhal / PA,Volta Redonda / RJ,0 x 3,4,2021,17/03/2021
Copa do Brasil,Santa Cruz / RS,Joinville / SC,0 x 0,4,2021,17/03/2021
Copa do Brasil,Salgueiro / PE,Corinthians / SP,0 x 3,4,2021,17/03/2021
Copa do Brasil,Marilia / SP,Criciúma / SC,0 x 0,4,2021,18/03/2021
Copa do Brasil,Treze / PB,América / MG,0 x 1,4,2021,18/03/2021
Copa do Brasil,Jaraguá / GO,Manaus / AM,1 x 4,4,2021,26/03/2021
Copa do Brasil,Cascavel / PR,Figueirense / SC,2 x 1,4,2021,18/03/2021
Copa do Brasil,União / MT,Coritiba / PR,0 x 1,4,2021,18/03/2021
Copa do Brasil,Penarol / AM,Ypiranga / RS,1 x 1,4,2021,18/03/2021
Copa do Brasil,Caldense / MG,Vasco da Gama / RJ,1 x 1,4,2021,18/03/2021
Copa do Brasil,Corinthians / SP,Retrô / PE,5 x 3,5,2021,26/03/2021
Copa do Brasil,Luverdense / MT,Red Bull Bragantino / SP,1 x 2,5,2021,01/04/2021
Copa do Brasil,Coritiba / PR,Operário / PR,3 x 2,5,2021,06/04/2021
Copa do Brasil,Fortaleza / CE,Ypiranga / RS,1 x 0,5,2021,06/04/2021
Copa do Brasil,Picos / PI,Boavista / RJ,0 x 1,5,2021,07/04/2021
Copa do Brasil,Juazeirense / BA,Volta Redonda / RJ,3 x 3,5,2021,07/04/2021
Copa do Brasil,Vitória / BA,Rio Branco / ES,2 x 0,5,2021,07/04/2021
Copa do Brasil,Bahia / BA,Manaus / AM,4 x 1,5,2021,07/04/2021
Copa do Brasil,Tombense / MG,Vasco da Gama / RJ,1 x 2,5,2021,07/04/2021
Copa do Brasil,Criciúma / SC,Ponte Preta / SP,5 x 4,5,2021,08/04/2021
Copa do Brasil,Vila Nova / GO,Juventude / RS,4 x 3,6,2021,08/04/2021
Copa do Brasil,Cianorte / PR,Santa Cruz / PE,1 x 0,6,2021,13/04/2021
Copa do Brasil,Paysandu / PA,Crb / AL,1 x 2,6,2021,13/04/2021
Copa do Brasil,Csa / AL,Remo / PA,5 x 6,6,2021,13/04/2021
Copa do Brasil,América / MG,Ferroviário / CE,3 x 2,6,2021,14/04/2021
Copa do Brasil,América / RN,Cruzeiro / MG,0 x 1,6,2021,14/04/2021
Copa do Brasil,Avaí / SC,FC Cascavel / PR,2 x 0,6,2021,15/04/2021
Copa do Brasil,Joinville / SC,Atlético / GO,0 x 2,6,2021,15/04/2021
Copa do Brasil,Cianorte / PR,Santos / SP,0 x 2,7,2021,01/06/2021
Copa do Brasil,Vila Nova / GO,Bahia / BA,0 x 1,7,2021,01/06/2021
Copa do Brasil,Crb / AL,Palmeiras / SP,0 x 1,7,2021,03/06/2021
Copa do Brasil,Fluminense / RJ,Red Bull Bragantino / SP,2 x 0,7,2021,02/06/2021
Copa do Brasil,Fortaleza / CE,Ceará / CE,1 x 1,7,2021,02/06/2021
Copa do Brasil,Grêmio / RS,Brasiliense / DF,2 x 0,7,2021,02/06/2021
Copa do Brasil,América / MG,Criciúma / SC,0 x 0,7,2021,02/06/2021
Copa do Brasil,Avaí / SC,Athlético / PR,1 x 1,7,2021,03/06/2021
Copa do Brasil,Remo / PA,Atlético / MG,0 x 2,7,2021,02/06/2021
Copa do Brasil,Corinthians / SP,Atlético / GO,0 x 2,8,2021,02/06/2021
Copa do Brasil,Vitória / BA,Internacional / RS,0 x 1,8,2021,03/06/2021
Copa do Brasil,Cruzeiro / MG,Juazeirense / BA,1 x 0,8,2021,03/06/2021
Copa do Brasil,Chapecoense / SC,Abc / RN,3 x 1,8,2021,02/06/2021
Copa do Brasil,Coritiba / PR,Flamengo / RJ,0 x 1,8,2021,10/06/2021
Copa do Brasil,Boavista / RJ,Vasco da Gama / RJ,0 x 1,8,2021,01/06/2021
Copa do Brasil,Santos / SP,Cianorte / PR,1 x 0,8,2021,08/06/2021
Copa do Brasil,Bahia / BA,Vila Nova / GO,1 x 0,8,2021,09/06/2021
Copa do Brasil,Palmeiras / SP,Crb / AL,3 x 4,8,2021,09/06/2021
Copa do Brasil,Red Bull Bragantino / SP,Fluminense / RJ,2 x 1,9,2021,09/06/2021
Copa do Brasil,Ceará / CE,Fortaleza / CE,0 x 3,9,2021,10/06/2021
Copa do Brasil,Brasiliense / DF,Grêmio / RS,0 x 0,9,2021,10/06/2021
Copa do Brasil,Criciúma / SC,América / MG,3 x 2,9,2021,09/06/2021
Copa do Brasil,Athlético / PR,Avaí / SC,1 x 0,9,2021,09/06/2021
Copa do Brasil,Atlético / MG,Remo / PA,2 x 1,9,2021,10/06/2021
Copa do Brasil,Atlético / GO,Corinthians / SP,0 x 0,9,2021,09/06/2021
Copa do Brasil,Internacional / RS,Vitória / BA,1 x 3,9,2021,10/06/2021
Copa do Brasil,Juazeirense / BA,Cruzeiro / MG,3 x 2,9,2021,09/06/2021
Copa do Brasil,Abc / RN,Chapecoense / SC,3 x 0,9,2021,09/06/2021
Copa do Brasil,Flamengo / RJ,Coritiba / PR,2 x 0,10,2021,16/06/2021
Copa do Brasil,Vasco da Gama / RJ,Boavista / RJ,1 x 1,10,2021,09/06/2021
Copa do Brasil,São Paulo / SP,Vasco da Gama / RJ,2 x 0,10,2021,28/07/2021
Copa do Brasil,Criciúma / SC,Fluminense / RJ,2 x 1,10,2021,27/07/2021
Copa do Brasil,Vitória / BA,Grêmio / RS,0 x 3,10,2021,27/07/2021
Copa do Brasil,Fortaleza / CE,Crb / AL,2 x 1,10,2021,29/07/2021
Copa do Brasil,Flamengo / RJ,Abc / RN,6 x 0,10,2021,29/07/2021
Copa do Brasil,Athlético / PR,Atlético / GO,2 x 1,10,2021,28/07/2021
Copa do Brasil,Atlético / MG,Bahia / BA,2 x 0,10,2021
Copa do Brasil,Santos / SP,Juazeirense / BA,4 x 0,10,2021
Copa do Brasil,Vasco da Gama / RJ,São Paulo / SP,1 x 2,11,2021,04/08/2021
Copa do Brasil,Fluminense / RJ,Criciúma / SC,3 x 0,11,2021,31/07/2021
Copa do Brasil,Grêmio / RS,Vitória / BA,1 x 0,11,2021,03/08/2021
Copa do Brasil,Crb / AL,Fortaleza / CE,0 x 1,11,2021,04/08/2021
Copa do Brasil,Abc / RN,Flamengo / RJ,0 x 1,11,2021,05/08/2021
Copa do Brasil,Atlético / GO,Athlético / PR,2 x 2,11,2021,04/08/2021
Copa do Brasil,Bahia / BA,Atlético / MG,2 x 1,11,2021,04/08/2021
Copa do Brasil,Juazeirense / BA,Santos / SP,2 x 0,11,2021,05/08/2021
Copa do Brasil,Athlético / PR,Santos / SP,1 x 0,11,2021,25/08/2021
Copa do Brasil,Grêmio / RS,Flamengo / RJ,0 x 4,11,2021,25/08/2021
Copa do Brasil,São Paulo / SP,Fortaleza / CE,2 x 2,12,2021,25/08/2021
Copa do Brasil,Fluminense / RJ,Atlético / MG,1 x 2,12,2021,26/08/2021
